14101,"230  ","2300000","ｶﾅｶﾞﾜｹﾝ","ﾖｺﾊﾏｼﾂﾙﾐｸ","ｲｶﾆｹｲｻｲｶﾞﾅｲﾊﾞｱｲ","神奈川県","横浜市鶴見区","以下に掲載がない場合",0,0,0,0,0,0
14101,"230  ","2300033","ｶﾅｶﾞﾜｹﾝ","ﾖｺﾊﾏｼﾂﾙﾐｸ","ｱｻﾋﾁｮｳ","神奈川県","横浜市鶴見区","朝日町",0,0,1,0,0,0
14101,"230  ","2300035","ｶﾅｶﾞﾜｹﾝ","ﾖｺﾊﾏｼﾂﾙﾐｸ","ｱﾝｾﾞﾝﾁｮｳ","神奈川県","横浜市鶴見区","安善町",0,0,1,0,0,0
14101,"230  ","2300021","ｶﾅｶﾞﾜｹﾝ","ﾖｺﾊﾏｼﾂﾙﾐｸ","ｲﾁﾊﾞｶﾐﾁｮｳ","神奈川県","横浜市鶴見区","市場上町",0,0,0,0,0,0
14101,"230  ","2300024","ｶﾅｶﾞﾜｹﾝ","ﾖｺﾊﾏｼﾂﾙﾐｸ","ｲﾁﾊﾞｼﾓﾁｮｳ","神奈川県","横浜市鶴見区","市場下町",0,0,0,0,0,0
14101,"230  ","2300022","ｶﾅｶﾞﾜｹﾝ","ﾖｺﾊﾏｼﾂﾙﾐｸ","ｲﾁﾊﾞﾋｶﾞｼﾅｶﾁｮｳ","神奈川県","横浜市鶴見区","市場東中町",0,0,0,0,0,0
14101,"230  ","2300023","ｶﾅｶﾞﾜｹﾝ","ﾖｺﾊﾏｼﾂﾙﾐｸ","ｲﾁﾊﾞﾆｼﾅｶﾁｮｳ","神奈川県","横浜市鶴見区","市場西中町",0,0,0,0,0,0
14101,"230  ","2300026","ｶﾅｶﾞﾜｹﾝ","ﾖｺﾊﾏｼﾂﾙﾐｸ","ｲﾁﾊﾞﾌｼﾞﾐﾁｮｳ","神奈川県","横浜市鶴見区","市場富士見町",0,0,0,0,0,0
14101,"230  ","2300025","ｶﾅｶﾞﾜｹﾝ","ﾖｺﾊﾏｼﾂﾙﾐｸ","ｲﾁﾊﾞﾔﾏﾄﾁｮｳ","神奈川県","横浜市鶴見区","市場大和町",0,0,0,0,0,0
14101,"230  ","2300041","ｶﾅｶﾞﾜｹﾝ","ﾖｺﾊﾏｼﾂﾙﾐｸ","ｳｼｵﾀﾞﾁｮｳ","神奈川県","横浜市鶴見区","潮田町",0,0,1,0,0,0
14101,"230  ","2300002","ｶﾅｶﾞﾜｹﾝ","ﾖｺﾊﾏｼﾂﾙﾐｸ","ｴｶﾞｻｷﾁｮｳ","神奈川県","横浜市鶴見区","江ケ崎町",0,0,0,0,0,0
14101,"230  ","2300055","ｶﾅｶﾞﾜｹﾝ","ﾖｺﾊﾏｼﾂﾙﾐｸ","ｵｳｷﾞｼﾏ","神奈川県","横浜市鶴見区","扇島",0,0,0,0,0,0
14101,"230  ","2300046","ｶﾅｶﾞﾜｹﾝ","ﾖｺﾊﾏｼﾂﾙﾐｸ","ｵﾉﾁｮｳ","神奈川県","横浜市鶴見区","小野町",0,0,0,0,0,0
14101,"230  ","2300072","ｶﾅｶﾞﾜｹﾝ","ﾖｺﾊﾏｼﾂﾙﾐｸ","ｶｼﾞﾔﾏ","神奈川県","横浜市鶴見区","梶山",0,0,1,0,0,0
14101,"230  ","2300011","ｶﾅｶﾞﾜｹﾝ","ﾖｺﾊﾏｼﾂﾙﾐｸ","ｶﾐｽｴﾖｼ","神奈川県","横浜市鶴見区","上末吉",0,0,1,0,0,0
14101,"230  ","2300075","ｶﾅｶﾞﾜｹﾝ","ﾖｺﾊﾏｼﾂﾙﾐｸ","ｶﾐﾉﾐﾔ","神奈川県","横浜市鶴見区","上の宮",0,0,1,0,0,0
14101,"230  ","2300034","ｶﾅｶﾞﾜｹﾝ","ﾖｺﾊﾏｼﾂﾙﾐｸ","ｶﾝｾｲﾁｮｳ","神奈川県","横浜市鶴見区","寛政町",0,0,0,0,0,0
14101,"230  ","2300078","ｶﾅｶﾞﾜｹﾝ","ﾖｺﾊﾏｼﾂﾙﾐｸ","ｷｼﾔ","神奈川県","横浜市鶴見区","岸谷",0,0,1,0,0,0
14101,"230  ","2300074","ｶﾅｶﾞﾜｹﾝ","ﾖｺﾊﾏｼﾂﾙﾐｸ","ｷﾀﾃﾗｵ","神奈川県","横浜市鶴見区","北寺尾",0,0,1,0,0,0
14101,"230  ","2300071","ｶﾅｶﾞﾜｹﾝ","ﾖｺﾊﾏｼﾂﾙﾐｸ","ｺﾏｵｶ","神奈川県","横浜市鶴見区","駒岡",0,0,1,0,0,0
14101,"230  ","2300038","ｶﾅｶﾞﾜｹﾝ","ﾖｺﾊﾏｼﾂﾙﾐｸ","ｻｶｴﾁｮｳﾄﾞｵﾘ","神奈川県","横浜市鶴見区","栄町通",0,0,1,0,0,0
14101,"230  ","2300043","ｶﾅｶﾞﾜｹﾝ","ﾖｺﾊﾏｼﾂﾙﾐｸ","ｼｵｲﾘﾁｮｳ","神奈川県","横浜市鶴見区","汐入町",0,0,1,0,0,0
14101,"230  ","2300073","ｶﾅｶﾞﾜｹﾝ","ﾖｺﾊﾏｼﾂﾙﾐｸ","ｼｼｶﾞﾔ","神奈川県","横浜市鶴見区","獅子ケ谷",0,0,1,0,0,0
14101,"230  ","2300047","ｶﾅｶﾞﾜｹﾝ","ﾖｺﾊﾏｼﾂﾙﾐｸ","ｼﾀﾉﾔﾁｮｳ","神奈川県","横浜市鶴見区","下野谷町",0,0,1,0,0,0
14101,"230  ","2300003","ｶﾅｶﾞﾜｹﾝ","ﾖｺﾊﾏｼﾂﾙﾐｸ","ｼｯﾃ","神奈川県","横浜市鶴見区","尻手",0,0,1,0,0,0
14101,"230  ","2300012","ｶﾅｶﾞﾜｹﾝ","ﾖｺﾊﾏｼﾂﾙﾐｸ","ｼﾓｽｴﾖｼ","神奈川県","横浜市鶴見区","下末吉",0,0,1,0,0,0
14101,"230  ","2300045","ｶﾅｶﾞﾜｹﾝ","ﾖｺﾊﾏｼﾂﾙﾐｸ","ｽｴﾋﾛﾁｮｳ","神奈川県","横浜市鶴見区","末広町",0,0,1,0,0,0
14101,"230  ","2300027","ｶﾅｶﾞﾜｹﾝ","ﾖｺﾊﾏｼﾂﾙﾐｸ","ｽｶﾞｻﾜﾁｮｳ","神奈川県","横浜市鶴見区","菅沢町",0,0,0,0,0,0
14101,"230  ","2300014","ｶﾅｶﾞﾜｹﾝ","ﾖｺﾊﾏｼﾂﾙﾐｸ","ｽﾜｻﾞｶ","神奈川県","横浜市鶴見区","諏訪坂",0,0,0,0,0,0
14101,"230  ","2300053","ｶﾅｶﾞﾜｹﾝ","ﾖｺﾊﾏｼﾂﾙﾐｸ","ﾀﾞｲｺｸﾁｮｳ","神奈川県","横浜市鶴見区","大黒町",0,0,0,0,0,0
14101,"230  ","2300054","ｶﾅｶﾞﾜｹﾝ","ﾖｺﾊﾏｼﾂﾙﾐｸ","ﾀﾞｲｺｸﾌﾄｳ","神奈川県","横浜市鶴見区","大黒ふ頭",0,0,0,0,0,0
14101,"230  ","2300032","ｶﾅｶﾞﾜｹﾝ","ﾖｺﾊﾏｼﾂﾙﾐｸ","ﾀﾞｲﾄｳﾁｮｳ","神奈川県","横浜市鶴見区","大東町",0,0,0,0,0,0
14101,"230  ","2300061","ｶﾅｶﾞﾜｹﾝ","ﾖｺﾊﾏｼﾂﾙﾐｸ","ﾂｸﾉﾁｮｳ","神奈川県","横浜市鶴見区","佃野町",0,0,0,0,0,0
14101,"230  ","2300063","ｶﾅｶﾞﾜｹﾝ","ﾖｺﾊﾏｼﾂﾙﾐｸ","ﾂﾙﾐ","神奈川県","横浜市鶴見区","鶴見",0,0,1,0,0,0
14101,"230  ","2300051","ｶﾅｶﾞﾜｹﾝ","ﾖｺﾊﾏｼﾂﾙﾐｸ","ﾂﾙﾐﾁｭｳｵｳ","神奈川県","横浜市鶴見区","鶴見中央",0,0,1,0,0,0
14101,"230  ","2300015","ｶﾅｶﾞﾜｹﾝ","ﾖｺﾊﾏｼﾂﾙﾐｸ","ﾃﾗﾔ","神奈川県","横浜市鶴見区","寺谷",0,0,1,0,0,0
14101,"230  ","2300062","ｶﾅｶﾞﾜｹﾝ","ﾖｺﾊﾏｼﾂﾙﾐｸ","ﾄﾖｵｶﾁｮｳ","神奈川県","横浜市鶴見区","豊岡町",0,0,0,0,0,0
14101,"230  ","2300042","ｶﾅｶﾞﾜｹﾝ","ﾖｺﾊﾏｼﾂﾙﾐｸ","ﾅｶﾄﾞｵﾘ","神奈川県","横浜市鶴見区","仲通",0,0,1,0,0,0
14101,"230  ","2300052","ｶﾅｶﾞﾜｹﾝ","ﾖｺﾊﾏｼﾂﾙﾐｸ","ﾅﾏﾑｷﾞ","神奈川県","横浜市鶴見区","生麦",0,0,1,0,0,0
14101,"230  ","2300076","ｶﾅｶﾞﾜｹﾝ","ﾖｺﾊﾏｼﾂﾙﾐｸ","ﾊﾞﾊﾞ","神奈川県","横浜市鶴見区","馬場",0,0,1,0,0,0
14101,"230  ","2300036","ｶﾅｶﾞﾜｹﾝ","ﾖｺﾊﾏｼﾂﾙﾐｸ","ﾊﾏﾁｮｳ","神奈川県","横浜市鶴見区","浜町",0,0,1,0,0,0
14101,"230  ","2300077","ｶﾅｶﾞﾜｹﾝ","ﾖｺﾊﾏｼﾂﾙﾐｸ","ﾋｶﾞｼﾃﾗｵ","神奈川県","横浜市鶴見区","東寺尾",0,0,1,0,0,0
14101,"230  ","2300017","ｶﾅｶﾞﾜｹﾝ","ﾖｺﾊﾏｼﾂﾙﾐｸ","ﾋｶﾞｼﾃﾗｵﾅｶﾀﾞｲ","神奈川県","横浜市鶴見区","東寺尾中台",0,0,0,0,0,0
14101,"230  ","2300018","ｶﾅｶﾞﾜｹﾝ","ﾖｺﾊﾏｼﾂﾙﾐｸ","ﾋｶﾞｼﾃﾗｵﾋｶﾞｼﾀﾞｲ","神奈川県","横浜市鶴見区","東寺尾東台",0,0,0,0,0,0
14101,"230  ","2300016","ｶﾅｶﾞﾜｹﾝ","ﾖｺﾊﾏｼﾂﾙﾐｸ","ﾋｶﾞｼﾃﾗｵｷﾀﾀﾞｲ","神奈川県","横浜市鶴見区","東寺尾北台",0,0,0,0,0,0
14101,"230  ","2300031","ｶﾅｶﾞﾜｹﾝ","ﾖｺﾊﾏｼﾂﾙﾐｸ","ﾍｲｱﾝﾁｮｳ","神奈川県","横浜市鶴見区","平安町",0,0,1,0,0,0
14101,"230  ","2300044","ｶﾅｶﾞﾜｹﾝ","ﾖｺﾊﾏｼﾂﾙﾐｸ","ﾍﾞﾝﾃﾝﾁｮｳ","神奈川県","横浜市鶴見区","弁天町",0,0,0,0,0,0
14101,"230  ","2300048","ｶﾅｶﾞﾜｹﾝ","ﾖｺﾊﾏｼﾂﾙﾐｸ","ﾎﾝﾁｮｳﾄﾞｵﾘ","神奈川県","横浜市鶴見区","本町通",0,0,1,0,0,0
14101,"230  ","2300013","ｶﾅｶﾞﾜｹﾝ","ﾖｺﾊﾏｼﾂﾙﾐｸ","ﾐﾂｲｹｺｳｴﾝ","神奈川県","横浜市鶴見区","三ツ池公園",0,0,0,0,0,0
14101,"230  ","2300037","ｶﾅｶﾞﾜｹﾝ","ﾖｺﾊﾏｼﾂﾙﾐｸ","ﾑｶｲﾁｮｳ","神奈川県","横浜市鶴見区","向井町",0,0,1,0,0,0
14101,"230  ","2300004","ｶﾅｶﾞﾜｹﾝ","ﾖｺﾊﾏｼﾂﾙﾐｸ","ﾓﾄﾐﾔ","神奈川県","横浜市鶴見区","元宮",0,0,1,0,0,0
14101,"230  ","2300001","ｶﾅｶﾞﾜｹﾝ","ﾖｺﾊﾏｼﾂﾙﾐｸ","ﾔｺｳ","神奈川県","横浜市鶴見区","矢向",0,0,1,0,0,0
14102,"221  ","2210000","ｶﾅｶﾞﾜｹﾝ","ﾖｺﾊﾏｼｶﾅｶﾞﾜｸ","ｲｶﾆｹｲｻｲｶﾞﾅｲﾊﾞｱｲ","神奈川県","横浜市神奈川区","以下に掲載がない場合",0,0,0,0,0,0
14102,"221  ","2210057","ｶﾅｶﾞﾜｹﾝ","ﾖｺﾊﾏｼｶﾅｶﾞﾜｸ","ｱｵｷﾁｮｳ","神奈川県","横浜市神奈川区","青木町",0,0,0,0,0,0
14102,"221  ","2210814","ｶﾅｶﾞﾜｹﾝ","ﾖｺﾊﾏｼｶﾅｶﾞﾜｸ","ｱｻﾋｶﾞｵｶ","神奈川県","横浜市神奈川区","旭ケ丘",0,0,0,0,0,0
14102,"221  ","2210032","ｶﾅｶﾞﾜｹﾝ","ﾖｺﾊﾏｼｶﾅｶﾞﾜｸ","ｲｽﾞﾀﾁｮｳ","神奈川県","横浜市神奈川区","出田町",0,0,0,0,0,0
14102,"221  ","2210842","ｶﾅｶﾞﾜｹﾝ","ﾖｺﾊﾏｼｶﾅｶﾞﾜｸ","ｲｽﾞﾐﾁｮｳ","神奈川県","横浜市神奈川区","泉町",0,0,0,0,0,0
14102,"221  ","2210014","ｶﾅｶﾞﾜｹﾝ","ﾖｺﾊﾏｼｶﾅｶﾞﾜｸ","ｲﾘｴ","神奈川県","横浜市神奈川区","入江",0,0,1,0,0,0
14102,"221  ","2210062","ｶﾅｶﾞﾜｹﾝ","ﾖｺﾊﾏｼｶﾅｶﾞﾜｸ","ｳﾗｼﾏｵｶ","神奈川県","横浜市神奈川区","浦島丘",0,0,0,0,0,0
14102,"221  ","2210042","ｶﾅｶﾞﾜｹﾝ","ﾖｺﾊﾏｼｶﾅｶﾞﾜｸ","ｳﾗｼﾏﾁｮｳ","神奈川県","横浜市神奈川区","浦島町",0,0,0,0,0,0
14102,"221  ","2210024","ｶﾅｶﾞﾜｹﾝ","ﾖｺﾊﾏｼｶﾅｶﾞﾜｸ","ｴﾋﾞｽﾁｮｳ","神奈川県","横浜市神奈川区","恵比須町",0,0,0,0,0,0
14102,"221  ","2210002","ｶﾅｶﾞﾜｹﾝ","ﾖｺﾊﾏｼｶﾅｶﾞﾜｸ","ｵｵｸﾞﾁﾄﾞｵﾘ","神奈川県","横浜市神奈川区","大口通",0,0,0,0,0,0
14102,"221  ","2210003","ｶﾅｶﾞﾜｹﾝ","ﾖｺﾊﾏｼｶﾅｶﾞﾜｸ","ｵｵｸﾞﾁﾅｶﾏﾁ","神奈川県","横浜市神奈川区","大口仲町",0,0,0,0,0,0
14102,"221  ","2210055","ｶﾅｶﾞﾜｹﾝ","ﾖｺﾊﾏｼｶﾅｶﾞﾜｸ","ｵｵﾉﾁｮｳ","神奈川県","横浜市神奈川区","大野町",0,0,0,0,0,0
14102,"221  ","2210865","ｶﾅｶﾞﾜｹﾝ","ﾖｺﾊﾏｼｶﾅｶﾞﾜｸ","ｶﾀｸﾗ","神奈川県","横浜市神奈川区","片倉",0,0,0,0,0,0
14102,"221  ","2210045","ｶﾅｶﾞﾜｹﾝ","ﾖｺﾊﾏｼｶﾅｶﾞﾜｸ","ｶﾅｶﾞﾜ","神奈川県","横浜市神奈川区","神奈川",0,0,1,0,0,0
14102,"221  ","2210046","ｶﾅｶﾞﾜｹﾝ","ﾖｺﾊﾏｼｶﾅｶﾞﾜｸ","ｶﾅｶﾞﾜﾎﾝﾁｮｳ","神奈川県","横浜市神奈川区","神奈川本町",0,0,0,0,0,0
14102,"221  ","2210831","ｶﾅｶﾞﾜｹﾝ","ﾖｺﾊﾏｼｶﾅｶﾞﾜｸ","ｶﾐﾀﾝﾏﾁ","神奈川県","横浜市神奈川区","上反町",0,0,1,0,0,0
14102,"221  ","2210011","ｶﾅｶﾞﾜｹﾝ","ﾖｺﾊﾏｼｶﾅｶﾞﾜｸ","ｶﾐﾉｷﾀﾞｲ","神奈川県","横浜市神奈川区","神之木台",0,0,0,0,0,0
14102,"221  ","2210015","ｶﾅｶﾞﾜｹﾝ","ﾖｺﾊﾏｼｶﾅｶﾞﾜｸ","ｶﾐﾉｷﾁｮｳ","神奈川県","横浜市神奈川区","神之木町",0,0,0,0,0,0
14102,"221  ","2210041","ｶﾅｶﾞﾜｹﾝ","ﾖｺﾊﾏｼｶﾅｶﾞﾜｸ","ｶﾒｽﾞﾐﾁｮｳ","神奈川県","横浜市神奈川区","亀住町",0,0,0,0,0,0
14102,"221  ","2210801","ｶﾅｶﾞﾜｹﾝ","ﾖｺﾊﾏｼｶﾅｶﾞﾜｸ","ｶﾝﾀﾞｲｼﾞ","神奈川県","横浜市神奈川区","神大寺",0,0,1,0,0,0
14102,"221  ","2210832","ｶﾅｶﾞﾜｹﾝ","ﾖｺﾊﾏｼｶﾅｶﾞﾜｸ","ｷﾘﾊﾞﾀｹ","神奈川県","横浜市神奈川区","桐畑",0,0,0,0,0,0
14102,"221  ","2210056","ｶﾅｶﾞﾜｹﾝ","ﾖｺﾊﾏｼｶﾅｶﾞﾜｸ","ｷﾝｺｳﾁｮｳ","神奈川県","横浜市神奈川区","金港町",0,0,0,0,0,0
14102,"221  ","2210804","ｶﾅｶﾞﾜｹﾝ","ﾖｺﾊﾏｼｶﾅｶﾞﾜｸ","ｸﾘﾀﾔ","神奈川県","横浜市神奈川区","栗田谷",0,0,0,0,0,0
14102,"221  ","2210051","ｶﾅｶﾞﾜｹﾝ","ﾖｺﾊﾏｼｶﾅｶﾞﾜｸ","ｺｳｶﾞﾔ","神奈川県","横浜市神奈川区","幸ケ谷",0,0,0,0,0,0
14102,"221  ","2210012","ｶﾅｶﾞﾜｹﾝ","ﾖｺﾊﾏｼｶﾅｶﾞﾜｸ","ｺﾔｽﾀﾞｲ","神奈川県","横浜市神奈川区","子安台",0,0,1,0,0,0
14102,"221  ","2210021","ｶﾅｶﾞﾜｹﾝ","ﾖｺﾊﾏｼｶﾅｶﾞﾜｸ","ｺﾔｽﾄﾞｵﾘ","神奈川県","横浜市神奈川区","子安通",0,0,1,0,0,0
14102,"221  ","2210811","ｶﾅｶﾞﾜｹﾝ","ﾖｺﾊﾏｼｶﾅｶﾞﾜｸ","ｻｲﾄｳﾌﾞﾝﾁｮｳ","神奈川県","横浜市神奈川区","斎藤分町",0,0,0,0,0,0
14102,"221  ","2210052","ｶﾅｶﾞﾜｹﾝ","ﾖｺﾊﾏｼｶﾅｶﾞﾜｸ","ｻｶｴﾁｮｳ","神奈川県","横浜市神奈川区","栄町",0,0,0,0,0,0
14102,"221  ","2210844","ｶﾅｶﾞﾜｹﾝ","ﾖｺﾊﾏｼｶﾅｶﾞﾜｸ","ｻﾜﾀﾘ","神奈川県","横浜市神奈川区","沢渡",0,0,0,0,0,0
14102,"221  ","2210862","ｶﾅｶﾞﾜｹﾝ","ﾖｺﾊﾏｼｶﾅｶﾞﾜｸ","ｻﾝﾏｲﾁｮｳ","神奈川県","横浜市神奈川区","三枚町",0,0,0,0,0,0
14102,"221  ","2210075","ｶﾅｶﾞﾜｹﾝ","ﾖｺﾊﾏｼｶﾅｶﾞﾜｸ","ｼﾗﾊﾀｶﾐﾁｮｳ","神奈川県","横浜市神奈川区","白幡上町",0,0,0,0,0,0
14102,"221  ","2210071","ｶﾅｶﾞﾜｹﾝ","ﾖｺﾊﾏｼｶﾅｶﾞﾜｸ","ｼﾗﾊﾀﾅｶﾁｮｳ","神奈川県","横浜市神奈川区","白幡仲町",0,0,0,0,0,0
14102,"221  ","2210072","ｶﾅｶﾞﾜｹﾝ","ﾖｺﾊﾏｼｶﾅｶﾞﾜｸ","ｼﾗﾊﾀﾋｶﾞｼﾁｮｳ","神奈川県","横浜市神奈川区","白幡東町",0,0,0,0,0,0
14102,"221  ","2210074","ｶﾅｶﾞﾜｹﾝ","ﾖｺﾊﾏｼｶﾅｶﾞﾜｸ","ｼﾗﾊﾀﾆｼﾁｮｳ","神奈川県","横浜市神奈川区","白幡西町",0,0,0,0,0,0
14102,"221  ","2210073","ｶﾅｶﾞﾜｹﾝ","ﾖｺﾊﾏｼｶﾅｶﾞﾜｸ","ｼﾗﾊﾀﾐﾅﾐﾁｮｳ","神奈川県","横浜市神奈川区","白幡南町",0,0,0,0,0,0
14102,"221  ","2210077","ｶﾅｶﾞﾜｹﾝ","ﾖｺﾊﾏｼｶﾅｶﾞﾜｸ","ｼﾗﾊﾀﾑｶｲﾁｮｳ","神奈川県","横浜市神奈川区","白幡向町",0,0,0,0,0,0
14102,"221  ","2210076","ｶﾅｶﾞﾜｹﾝ","ﾖｺﾊﾏｼｶﾅｶﾞﾜｸ","ｼﾗﾊﾀﾁｮｳ","神奈川県","横浜市神奈川区","白幡町",0,0,0,0,0,0
14102,"221  ","2210031","ｶﾅｶﾞﾜｹﾝ","ﾖｺﾊﾏｼｶﾅｶﾞﾜｸ","ｼﾝｳﾗｼﾏﾁｮｳ","神奈川県","横浜市神奈川区","新浦島町",0,0,1,0,0,0
14102,"221  ","2210013","ｶﾅｶﾞﾜｹﾝ","ﾖｺﾊﾏｼｶﾅｶﾞﾜｸ","ｼﾝｺﾔｽ","神奈川県","横浜市神奈川区","新子安",0,0,1,0,0,0
14102,"221  ","2210043","ｶﾅｶﾞﾜｹﾝ","ﾖｺﾊﾏｼｶﾅｶﾞﾜｸ","ｼﾝﾏﾁ","神奈川県","横浜市神奈川区","新町",0,0,0,0,0,0
14102,"221  ","2210864","ｶﾅｶﾞﾜｹﾝ","ﾖｺﾊﾏｼｶﾅｶﾞﾜｸ","ｽｹﾞﾀﾁｮｳ","神奈川県","横浜市神奈川区","菅田町",0,0,0,0,0,0
14102,"221  ","2210033","ｶﾅｶﾞﾜｹﾝ","ﾖｺﾊﾏｼｶﾅｶﾞﾜｸ","ｽｽﾞｼｹﾞﾁｮｳ","神奈川県","横浜市神奈川区","鈴繁町",0,0,0,0,0,0
14102,"221  ","2210834","ｶﾅｶﾞﾜｹﾝ","ﾖｺﾊﾏｼｶﾅｶﾞﾜｸ","ﾀﾞｲﾏﾁ","神奈川県","横浜市神奈川区","台町",0,0,0,0,0,0
14102,"221  ","2210833","ｶﾅｶﾞﾜｹﾝ","ﾖｺﾊﾏｼｶﾅｶﾞﾜｸ","ﾀｶｼﾏﾀﾞｲ","神奈川県","横浜市神奈川区","高島台",0,0,0,0,0,0
14102,"221  ","2210023","ｶﾅｶﾞﾜｹﾝ","ﾖｺﾊﾏｼｶﾅｶﾞﾜｸ","ﾀｶﾗﾁｮｳ","神奈川県","横浜市神奈川区","宝町",0,0,0,0,0,0
14102,"221  ","2210063","ｶﾅｶﾞﾜｹﾝ","ﾖｺﾊﾏｼｶﾅｶﾞﾜｸ","ﾀﾃﾏﾁ","神奈川県","横浜市神奈川区","立町",0,0,0,0,0,0
14102,"221  ","2210825","ｶﾅｶﾞﾜｹﾝ","ﾖｺﾊﾏｼｶﾅｶﾞﾜｸ","ﾀﾝﾏﾁ","神奈川県","横浜市神奈川区","反町",0,0,1,0,0,0
14102,"221  ","2210036","ｶﾅｶﾞﾜｹﾝ","ﾖｺﾊﾏｼｶﾅｶﾞﾜｸ","ﾁﾜｶﾁｮｳ","神奈川県","横浜市神奈川区","千若町",0,0,1,0,0,0
14102,"221  ","2210835","ｶﾅｶﾞﾜｹﾝ","ﾖｺﾊﾏｼｶﾅｶﾞﾜｸ","ﾂﾙﾔﾁｮｳ","神奈川県","横浜市神奈川区","鶴屋町",0,0,1,0,0,0
14102,"221  ","2210821","ｶﾅｶﾞﾜｹﾝ","ﾖｺﾊﾏｼｶﾅｶﾞﾜｸ","ﾄﾐﾔﾁｮｳ","神奈川県","横浜市神奈川区","富家町",0,0,0,0,0,0
14102,"221  ","2210064","ｶﾅｶﾞﾜｹﾝ","ﾖｺﾊﾏｼｶﾅｶﾞﾜｸ","ﾄﾘｺﾞｴ","神奈川県","横浜市神奈川区","鳥越",0,0,0,0,0,0
14102,"221  ","2210803","ｶﾅｶﾞﾜｹﾝ","ﾖｺﾊﾏｼｶﾅｶﾞﾜｸ","ﾅｶﾏﾙ","神奈川県","横浜市神奈川区","中丸",0,0,0,0,0,0
14102,"221  ","2210061","ｶﾅｶﾞﾜｹﾝ","ﾖｺﾊﾏｼｶﾅｶﾞﾜｸ","ﾅﾅｼﾏﾁｮｳ","神奈川県","横浜市神奈川区","七島町",0,0,0,0,0,0
14102,"221  ","2210004","ｶﾅｶﾞﾜｹﾝ","ﾖｺﾊﾏｼｶﾅｶﾞﾜｸ","ﾆｼｵｵｸﾞﾁ","神奈川県","横浜市神奈川区","西大口",0,0,0,0,0,0
14102,"221  ","2210822","ｶﾅｶﾞﾜｹﾝ","ﾖｺﾊﾏｼｶﾅｶﾞﾜｸ","ﾆｼｶﾅｶﾞﾜ","神奈川県","横浜市神奈川区","西神奈川",0,0,1,0,0,0
14102,"221  ","2210001","ｶﾅｶﾞﾜｹﾝ","ﾖｺﾊﾏｼｶﾅｶﾞﾜｸ","ﾆｼﾃﾗｵ","神奈川県","横浜市神奈川区","西寺尾",0,0,1,0,0,0
14102,"221  ","2210813","ｶﾅｶﾞﾜｹﾝ","ﾖｺﾊﾏｼｶﾅｶﾞﾜｸ","ﾆﾎﾝｴﾉｷ","神奈川県","横浜市神奈川区","二本榎",0,0,0,0,0,0
14102,"221  ","2210065","ｶﾅｶﾞﾜｹﾝ","ﾖｺﾊﾏｼｶﾅｶﾞﾜｸ","ﾊｸﾗｸ","神奈川県","横浜市神奈川区","白楽",0,0,0,0,0,0
14102,"221  ","2210863","ｶﾅｶﾞﾜｹﾝ","ﾖｺﾊﾏｼｶﾅｶﾞﾜｸ","ﾊｻﾞﾜﾁｮｳ","神奈川県","横浜市神奈川区","羽沢町",0,0,0,0,0,0
14102,"221  ","2210866","ｶﾅｶﾞﾜｹﾝ","ﾖｺﾊﾏｼｶﾅｶﾞﾜｸ","ﾊｻﾞﾜﾐﾅﾐ","神奈川県","横浜市神奈川区","羽沢南",0,0,1,0,0,0
14102,"221  ","2210053","ｶﾅｶﾞﾜｹﾝ","ﾖｺﾊﾏｼｶﾅｶﾞﾜｸ","ﾊｼﾓﾄﾁｮｳ","神奈川県","横浜市神奈川区","橋本町",0,0,1,0,0,0
14102,"221  ","2210044","ｶﾅｶﾞﾜｹﾝ","ﾖｺﾊﾏｼｶﾅｶﾞﾜｸ","ﾋｶﾞｼｶﾅｶﾞﾜ","神奈川県","横浜市神奈川区","東神奈川",0,0,1,0,0,0
14102,"221  ","2210812","ｶﾅｶﾞﾜｹﾝ","ﾖｺﾊﾏｼｶﾅｶﾞﾜｸ","ﾋﾗｶﾜﾁｮｳ","神奈川県","横浜市神奈川区","平川町",0,0,0,0,0,0
14102,"221  ","2210824","ｶﾅｶﾞﾜｹﾝ","ﾖｺﾊﾏｼｶﾅｶﾞﾜｸ","ﾋﾛﾀﾞｲｵｵﾀﾏﾁ","神奈川県","横浜市神奈川区","広台太田町",0,0,0,0,0,0
14102,"221  ","2210823","ｶﾅｶﾞﾜｹﾝ","ﾖｺﾊﾏｼｶﾅｶﾞﾜｸ","ﾌﾀﾂﾔﾁｮｳ","神奈川県","横浜市神奈川区","二ツ谷町",0,0,0,0,0,0
14102,"221  ","2210035","ｶﾅｶﾞﾜｹﾝ","ﾖｺﾊﾏｼｶﾅｶﾞﾜｸ","ﾎｼﾉﾁｮｳ","神奈川県","横浜市神奈川区","星野町",0,0,0,0,0,0
14102,"221  ","2210843","ｶﾅｶﾞﾜｹﾝ","ﾖｺﾊﾏｼｶﾅｶﾞﾜｸ","ﾏﾂｶﾞｵｶ","神奈川県","横浜市神奈川区","松ケ丘",0,0,0,0,0,0
14102,"221  ","2210005","ｶﾅｶﾞﾜｹﾝ","ﾖｺﾊﾏｼｶﾅｶﾞﾜｸ","ﾏﾂﾐﾁｮｳ","神奈川県","横浜市神奈川区","松見町",0,0,1,0,0,0
14102,"221  ","2210841","ｶﾅｶﾞﾜｹﾝ","ﾖｺﾊﾏｼｶﾅｶﾞﾜｸ","ﾏﾂﾓﾄﾁｮｳ","神奈川県","横浜市神奈川区","松本町",0,0,1,0,0,0
14102,"221  ","2210034","ｶﾅｶﾞﾜｹﾝ","ﾖｺﾊﾏｼｶﾅｶﾞﾜｸ","ﾐｽﾞﾎﾁｮｳ","神奈川県","横浜市神奈川区","瑞穂町",0,0,0,0,0,0
14102,"221  ","2210856","ｶﾅｶﾞﾜｹﾝ","ﾖｺﾊﾏｼｶﾅｶﾞﾜｸ","ﾐﾂｻﾞﾜｶﾐﾏﾁ","神奈川県","横浜市神奈川区","三ツ沢上町",0,0,0,0,0,0
14102,"221  ","2210851","ｶﾅｶﾞﾜｹﾝ","ﾖｺﾊﾏｼｶﾅｶﾞﾜｸ","ﾐﾂｻﾞﾜﾅｶﾏﾁ","神奈川県","横浜市神奈川区","三ツ沢中町",0,0,0,0,0,0
14102,"221  ","2210852","ｶﾅｶﾞﾜｹﾝ","ﾖｺﾊﾏｼｶﾅｶﾞﾜｸ","ﾐﾂｻﾞﾜｼﾓﾏﾁ","神奈川県","横浜市神奈川区","三ツ沢下町",0,0,0,0,0,0
14102,"221  ","2210853","ｶﾅｶﾞﾜｹﾝ","ﾖｺﾊﾏｼｶﾅｶﾞﾜｸ","ﾐﾂｻﾞﾜﾋｶﾞｼﾏﾁ","神奈川県","横浜市神奈川区","三ツ沢東町",0,0,0,0,0,0
14102,"221  ","2210855","ｶﾅｶﾞﾜｹﾝ","ﾖｺﾊﾏｼｶﾅｶﾞﾜｸ","ﾐﾂｻﾞﾜﾆｼﾏﾁ","神奈川県","横浜市神奈川区","三ツ沢西町",0,0,0,0,0,0
14102,"221  ","2210854","ｶﾅｶﾞﾜｹﾝ","ﾖｺﾊﾏｼｶﾅｶﾞﾜｸ","ﾐﾂｻﾞﾜﾐﾅﾐﾏﾁ","神奈川県","横浜市神奈川区","三ツ沢南町",0,0,0,0,0,0
14102,"221  ","2210022","ｶﾅｶﾞﾜｹﾝ","ﾖｺﾊﾏｼｶﾅｶﾞﾜｸ","ﾓﾘﾔﾁｮｳ","神奈川県","横浜市神奈川区","守屋町",0,0,1,0,0,0
14102,"221  ","2210054","ｶﾅｶﾞﾜｹﾝ","ﾖｺﾊﾏｼｶﾅｶﾞﾜｸ","ﾔﾏﾉｳﾁﾁｮｳ","神奈川県","横浜市神奈川区","山内町",0,0,0,0,0,0
14102,"221  ","2210802","ｶﾅｶﾞﾜｹﾝ","ﾖｺﾊﾏｼｶﾅｶﾞﾜｸ","ﾛｸｶｸﾊﾞｼ","神奈川県","横浜市神奈川区","六角橋",0,0,1,0,0,0
14103,"220  ","2200000","ｶﾅｶﾞﾜｹﾝ","ﾖｺﾊﾏｼﾆｼｸ","ｲｶﾆｹｲｻｲｶﾞﾅｲﾊﾞｱｲ","神奈川県","横浜市西区","以下に掲載がない場合",0,0,0,0,0,0
14103,"220  ","2200034","ｶﾅｶﾞﾜｹﾝ","ﾖｺﾊﾏｼﾆｼｸ","ｱｶﾓﾝﾁｮｳ","神奈川県","横浜市西区","赤門町",0,0,1,0,0,0
14103,"220  ","2200033","ｶﾅｶﾞﾜｹﾝ","ﾖｺﾊﾏｼﾆｼｸ","ｱｽﾞﾏｶﾞｵｶ","神奈川県","横浜市西区","東ケ丘",0,0,0,0,0,0
14103,"220  ","2200045","ｶﾅｶﾞﾜｹﾝ","ﾖｺﾊﾏｼﾆｼｸ","ｲｾﾁｮｳ","神奈川県","横浜市西区","伊勢町",0,0,1,0,0,0
14103,"220  ","2200032","ｶﾅｶﾞﾜｹﾝ","ﾖｺﾊﾏｼﾆｼｸ","ｵｲﾏﾂﾁｮｳ","神奈川県","横浜市西区","老松町",0,0,0,0,0,0
14103,"220  ","2200073","ｶﾅｶﾞﾜｹﾝ","ﾖｺﾊﾏｼﾆｼｸ","ｵｶﾉ","神奈川県","横浜市西区","岡野",0,0,1,0,0,0
14103,"220  ","2200035","ｶﾅｶﾞﾜｹﾝ","ﾖｺﾊﾏｼﾆｼｸ","ｶｽﾐｶﾞｵｶ","神奈川県","横浜市西区","霞ケ丘",0,0,0,0,0,0
14103,"220  ","2200001","ｶﾅｶﾞﾜｹﾝ","ﾖｺﾊﾏｼﾆｼｸ","ｷﾀｶﾙｲｻﾞﾜ","神奈川県","横浜市西区","北軽井沢",0,0,0,0,0,0
14103,"220  ","2200004","ｶﾅｶﾞﾜｹﾝ","ﾖｺﾊﾏｼﾆｼｸ","ｷﾀｻｲﾜｲ","神奈川県","横浜市西区","北幸",0,0,1,0,0,0
14103,"220  ","2200003","ｶﾅｶﾞﾜｹﾝ","ﾖｺﾊﾏｼﾆｼｸ","ｸｽﾉｷﾁｮｳ","神奈川県","横浜市西区","楠町",0,0,0,0,0,0
14103,"220  ","2200061","ｶﾅｶﾞﾜｹﾝ","ﾖｺﾊﾏｼﾆｼｸ","ｸﾎﾞﾁｮｳ","神奈川県","横浜市西区","久保町",0,0,0,0,0,0
14103,"220  ","2200043","ｶﾅｶﾞﾜｹﾝ","ﾖｺﾊﾏｼﾆｼｸ","ｺﾞｼｮﾔﾏﾁｮｳ","神奈川県","横浜市西区","御所山町",0,0,0,0,0,0
14103,"220  ","2200054","ｶﾅｶﾞﾜｹﾝ","ﾖｺﾊﾏｼﾆｼｸ","ｻｶｲﾉﾀﾆ","神奈川県","横浜市西区","境之谷",0,0,0,0,0,0
14103,"220  ","2200021","ｶﾅｶﾞﾜｹﾝ","ﾖｺﾊﾏｼﾆｼｸ","ｻｸﾗｷﾞﾁｮｳ(4-7ﾁｮｳﾒ)","神奈川県","横浜市西区","桜木町（４〜７丁目）",0,0,1,0,0,0
14103,"220  ","2200071","ｶﾅｶﾞﾜｹﾝ","ﾖｺﾊﾏｼﾆｼｸ","ｾﾝｹﾞﾝﾀﾞｲ","神奈川県","横浜市西区","浅間台",0,0,0,0,0,0
14103,"220  ","2200072","ｶﾅｶﾞﾜｹﾝ","ﾖｺﾊﾏｼﾆｼｸ","ｾﾝｹﾞﾝﾁｮｳ","神奈川県","横浜市西区","浅間町",0,0,1,0,0,0
14103,"220  ","2200011","ｶﾅｶﾞﾜｹﾝ","ﾖｺﾊﾏｼﾆｼｸ","ﾀｶｼﾏ","神奈川県","横浜市西区","高島",0,0,1,0,0,0
14103,"220  ","2200051","ｶﾅｶﾞﾜｹﾝ","ﾖｺﾊﾏｼﾆｼｸ","ﾁｭｳｵｳ","神奈川県","横浜市西区","中央",0,0,1,0,0,0
14103,"220  ","2200042","ｶﾅｶﾞﾜｹﾝ","ﾖｺﾊﾏｼﾆｼｸ","ﾄﾍﾞﾁｮｳ","神奈川県","横浜市西区","戸部町",0,0,1,0,0,0
14103,"220  ","2200041","ｶﾅｶﾞﾜｹﾝ","ﾖｺﾊﾏｼﾆｼｸ","ﾄﾍﾞﾎﾝﾁｮｳ","神奈川県","横浜市西区","戸部本町",0,0,0,0,0,0
14103,"220  ","2200046","ｶﾅｶﾞﾜｹﾝ","ﾖｺﾊﾏｼﾆｼｸ","ﾆｼﾄﾍﾞﾁｮｳ","神奈川県","横浜市西区","西戸部町",0,0,1,0,0,0
14103,"220  ","2200024","ｶﾅｶﾞﾜｹﾝ","ﾖｺﾊﾏｼﾆｼｸ","ﾆｼﾋﾗﾇﾏﾁｮｳ","神奈川県","横浜市西区","西平沼町",0,0,0,0,0,0
14103,"220  ","2200052","ｶﾅｶﾞﾜｹﾝ","ﾖｺﾊﾏｼﾆｼｸ","ﾆｼﾏｴﾁｮｳ","神奈川県","横浜市西区","西前町",0,0,1,0,0,0
14103,"220  ","2200022","ｶﾅｶﾞﾜｹﾝ","ﾖｺﾊﾏｼﾆｼｸ","ﾊﾅｻｷﾁｮｳ(4-7ﾁｮｳﾒ)","神奈川県","横浜市西区","花咲町（４〜７丁目）",0,0,1,0,0,0
14103,"220  ","2200055","ｶﾅｶﾞﾜｹﾝ","ﾖｺﾊﾏｼﾆｼｸ","ﾊﾏﾏﾂﾁｮｳ","神奈川県","横浜市西区","浜松町",0,0,0,0,0,0
14103,"220  ","2200062","ｶﾅｶﾞﾜｹﾝ","ﾖｺﾊﾏｼﾆｼｸ","ﾋｶﾞｼｸﾎﾞﾁｮｳ","神奈川県","横浜市西区","東久保町",0,0,0,0,0,0
14103,"220  ","2200023","ｶﾅｶﾞﾜｹﾝ","ﾖｺﾊﾏｼﾆｼｸ","ﾋﾗﾇﾏ","神奈川県","横浜市西区","平沼",0,0,1,0,0,0
14103,"220  ","2200053","ｶﾅｶﾞﾜｹﾝ","ﾖｺﾊﾏｼﾆｼｸ","ﾌｼﾞﾀﾞﾅﾁｮｳ","神奈川県","横浜市西区","藤棚町",0,0,1,0,0,0
14103,"220  ","2200013","ｶﾅｶﾞﾜｹﾝ","ﾖｺﾊﾏｼﾆｼｸ","ﾐﾄﾞﾘﾁｮｳ","神奈川県","横浜市西区","緑町",0,0,0,0,0,0
14103,"220  ","2200012","ｶﾅｶﾞﾜｹﾝ","ﾖｺﾊﾏｼﾆｼｸ","ﾐﾅﾄﾐﾗｲ(ﾂｷﾞﾉﾋﾞﾙｦﾉｿﾞｸ)","神奈川県","横浜市西区","みなとみらい（次のビルを除く）",0,0,0,0,0,0
14103,"220  ","2206090","ｶﾅｶﾞﾜｹﾝ","ﾖｺﾊﾏｼﾆｼｸ","ﾐﾅﾄﾐﾗｲｸｲｰﾝｽﾞﾀﾜｰA(ﾁｶｲ･ｶｲｿｳﾌﾒｲ)","神奈川県","横浜市西区","みなとみらいクイーンズタワーＡ（地階・階層不明）",0,0,0,0,0,0
14103,"220  ","2206001","ｶﾅｶﾞﾜｹﾝ","ﾖｺﾊﾏｼﾆｼｸ","ﾐﾅﾄﾐﾗｲｸｲｰﾝｽﾞﾀﾜｰA(1ｶｲ)","神奈川県","横浜市西区","みなとみらいクイーンズタワーＡ（１階）",0,0,0,0,0,0
14103,"220  ","2206002","ｶﾅｶﾞﾜｹﾝ","ﾖｺﾊﾏｼﾆｼｸ","ﾐﾅﾄﾐﾗｲｸｲｰﾝｽﾞﾀﾜｰA(2ｶｲ)","神奈川県","横浜市西区","みなとみらいクイーンズタワーＡ（２階）",0,0,0,0,0,0
14103,"220  ","2206003","ｶﾅｶﾞﾜｹﾝ","ﾖｺﾊﾏｼﾆｼｸ","ﾐﾅﾄﾐﾗｲｸｲｰﾝｽﾞﾀﾜｰA(3ｶｲ)","神奈川県","横浜市西区","みなとみらいクイーンズタワーＡ（３階）",0,0,0,0,0,0
14103,"220  ","2206004","ｶﾅｶﾞﾜｹﾝ","ﾖｺﾊﾏｼﾆｼｸ","ﾐﾅﾄﾐﾗｲｸｲｰﾝｽﾞﾀﾜｰA(4ｶｲ)","神奈川県","横浜市西区","みなとみらいクイーンズタワーＡ（４階）",0,0,0,0,0,0
14103,"220  ","2206005","ｶﾅｶﾞﾜｹﾝ","ﾖｺﾊﾏｼﾆｼｸ","ﾐﾅﾄﾐﾗｲｸｲｰﾝｽﾞﾀﾜｰA(5ｶｲ)","神奈川県","横浜市西区","みなとみらいクイーンズタワーＡ（５階）",0,0,0,0,0,0
14103,"220  ","2206006","ｶﾅｶﾞﾜｹﾝ","ﾖｺﾊﾏｼﾆｼｸ","ﾐﾅﾄﾐﾗｲｸｲｰﾝｽﾞﾀﾜｰA(6ｶｲ)","神奈川県","横浜市西区","みなとみらいクイーンズタワーＡ（６階）",0,0,0,0,0,0
14103,"220  ","2206007","ｶﾅｶﾞﾜｹﾝ","ﾖｺﾊﾏｼﾆｼｸ","ﾐﾅﾄﾐﾗｲｸｲｰﾝｽﾞﾀﾜｰA(7ｶｲ)","神奈川県","横浜市西区","みなとみらいクイーンズタワーＡ（７階）",0,0,0,0,0,0
14103,"220  ","2206008","ｶﾅｶﾞﾜｹﾝ","ﾖｺﾊﾏｼﾆｼｸ","ﾐﾅﾄﾐﾗｲｸｲｰﾝｽﾞﾀﾜｰA(8ｶｲ)","神奈川県","横浜市西区","みなとみらいクイーンズタワーＡ（８階）",0,0,0,0,0,0
14103,"220  ","2206009","ｶﾅｶﾞﾜｹﾝ","ﾖｺﾊﾏｼﾆｼｸ","ﾐﾅﾄﾐﾗｲｸｲｰﾝｽﾞﾀﾜｰA(9ｶｲ)","神奈川県","横浜市西区","みなとみらいクイーンズタワーＡ（９階）",0,0,0,0,0,0
14103,"220  ","2206010","ｶﾅｶﾞﾜｹﾝ","ﾖｺﾊﾏｼﾆｼｸ","ﾐﾅﾄﾐﾗｲｸｲｰﾝｽﾞﾀﾜｰA(10ｶｲ)","神奈川県","横浜市西区","みなとみらいクイーンズタワーＡ（１０階）",0,0,0,0,0,0
14103,"220  ","2206011","ｶﾅｶﾞﾜｹﾝ","ﾖｺﾊﾏｼﾆｼｸ","ﾐﾅﾄﾐﾗｲｸｲｰﾝｽﾞﾀﾜｰA(11ｶｲ)","神奈川県","横浜市西区","みなとみらいクイーンズタワーＡ（１１階）",0,0,0,0,0,0
14103,"220  ","2206012","ｶﾅｶﾞﾜｹﾝ","ﾖｺﾊﾏｼﾆｼｸ","ﾐﾅﾄﾐﾗｲｸｲｰﾝｽﾞﾀﾜｰA(12ｶｲ)","神奈川県","横浜市西区","みなとみらいクイーンズタワーＡ（１２階）",0,0,0,0,0,0
14103,"220  ","2206013","ｶﾅｶﾞﾜｹﾝ","ﾖｺﾊﾏｼﾆｼｸ","ﾐﾅﾄﾐﾗｲｸｲｰﾝｽﾞﾀﾜｰA(13ｶｲ)","神奈川県","横浜市西区","みなとみらいクイーンズタワーＡ（１３階）",0,0,0,0,0,0
14103,"220  ","2206014","ｶﾅｶﾞﾜｹﾝ","ﾖｺﾊﾏｼﾆｼｸ","ﾐﾅﾄﾐﾗｲｸｲｰﾝｽﾞﾀﾜｰA(14ｶｲ)","神奈川県","横浜市西区","みなとみらいクイーンズタワーＡ（１４階）",0,0,0,0,0,0
14103,"220  ","2206015","ｶﾅｶﾞﾜｹﾝ","ﾖｺﾊﾏｼﾆｼｸ","ﾐﾅﾄﾐﾗｲｸｲｰﾝｽﾞﾀﾜｰA(15ｶｲ)","神奈川県","横浜市西区","みなとみらいクイーンズタワーＡ（１５階）",0,0,0,0,0,0
14103,"220  ","2206016","ｶﾅｶﾞﾜｹﾝ","ﾖｺﾊﾏｼﾆｼｸ","ﾐﾅﾄﾐﾗｲｸｲｰﾝｽﾞﾀﾜｰA(16ｶｲ)","神奈川県","横浜市西区","みなとみらいクイーンズタワーＡ（１６階）",0,0,0,0,0,0
14103,"220  ","2206017","ｶﾅｶﾞﾜｹﾝ","ﾖｺﾊﾏｼﾆｼｸ","ﾐﾅﾄﾐﾗｲｸｲｰﾝｽﾞﾀﾜｰA(17ｶｲ)","神奈川県","横浜市西区","みなとみらいクイーンズタワーＡ（１７階）",0,0,0,0,0,0
14103,"220  ","2206018","ｶﾅｶﾞﾜｹﾝ","ﾖｺﾊﾏｼﾆｼｸ","ﾐﾅﾄﾐﾗｲｸｲｰﾝｽﾞﾀﾜｰA(18ｶｲ)","神奈川県","横浜市西区","みなとみらいクイーンズタワーＡ（１８階）",0,0,0,0,0,0
14103,"220  ","2206019","ｶﾅｶﾞﾜｹﾝ","ﾖｺﾊﾏｼﾆｼｸ","ﾐﾅﾄﾐﾗｲｸｲｰﾝｽﾞﾀﾜｰA(19ｶｲ)","神奈川県","横浜市西区","みなとみらいクイーンズタワーＡ（１９階）",0,0,0,0,0,0
14103,"220  ","2206020","ｶﾅｶﾞﾜｹﾝ","ﾖｺﾊﾏｼﾆｼｸ","ﾐﾅﾄﾐﾗｲｸｲｰﾝｽﾞﾀﾜｰA(20ｶｲ)","神奈川県","横浜市西区","みなとみらいクイーンズタワーＡ（２０階）",0,0,0,0,0,0
14103,"220  ","2206021","ｶﾅｶﾞﾜｹﾝ","ﾖｺﾊﾏｼﾆｼｸ","ﾐﾅﾄﾐﾗｲｸｲｰﾝｽﾞﾀﾜｰA(21ｶｲ)","神奈川県","横浜市西区","みなとみらいクイーンズタワーＡ（２１階）",0,0,0,0,0,0
14103,"220  ","2206022","ｶﾅｶﾞﾜｹﾝ","ﾖｺﾊﾏｼﾆｼｸ","ﾐﾅﾄﾐﾗｲｸｲｰﾝｽﾞﾀﾜｰA(22ｶｲ)","神奈川県","横浜市西区","みなとみらいクイーンズタワーＡ（２２階）",0,0,0,0,0,0
14103,"220  ","2206023","ｶﾅｶﾞﾜｹﾝ","ﾖｺﾊﾏｼﾆｼｸ","ﾐﾅﾄﾐﾗｲｸｲｰﾝｽﾞﾀﾜｰA(23ｶｲ)","神奈川県","横浜市西区","みなとみらいクイーンズタワーＡ（２３階）",0,0,0,0,0,0
14103,"220  ","2206024","ｶﾅｶﾞﾜｹﾝ","ﾖｺﾊﾏｼﾆｼｸ","ﾐﾅﾄﾐﾗｲｸｲｰﾝｽﾞﾀﾜｰA(24ｶｲ)","神奈川県","横浜市西区","みなとみらいクイーンズタワーＡ（２４階）",0,0,0,0,0,0
14103,"220  ","2206025","ｶﾅｶﾞﾜｹﾝ","ﾖｺﾊﾏｼﾆｼｸ","ﾐﾅﾄﾐﾗｲｸｲｰﾝｽﾞﾀﾜｰA(25ｶｲ)","神奈川県","横浜市西区","みなとみらいクイーンズタワーＡ（２５階）",0,0,0,0,0,0
14103,"220  ","2206026","ｶﾅｶﾞﾜｹﾝ","ﾖｺﾊﾏｼﾆｼｸ","ﾐﾅﾄﾐﾗｲｸｲｰﾝｽﾞﾀﾜｰA(26ｶｲ)","神奈川県","横浜市西区","みなとみらいクイーンズタワーＡ（２６階）",0,0,0,0,0,0
14103,"220  ","2206027","ｶﾅｶﾞﾜｹﾝ","ﾖｺﾊﾏｼﾆｼｸ","ﾐﾅﾄﾐﾗｲｸｲｰﾝｽﾞﾀﾜｰA(27ｶｲ)","神奈川県","横浜市西区","みなとみらいクイーンズタワーＡ（２７階）",0,0,0,0,0,0
14103,"220  ","2206028","ｶﾅｶﾞﾜｹﾝ","ﾖｺﾊﾏｼﾆｼｸ","ﾐﾅﾄﾐﾗｲｸｲｰﾝｽﾞﾀﾜｰA(28ｶｲ)","神奈川県","横浜市西区","みなとみらいクイーンズタワーＡ（２８階）",0,0,0,0,0,0
14103,"220  ","2206029","ｶﾅｶﾞﾜｹﾝ","ﾖｺﾊﾏｼﾆｼｸ","ﾐﾅﾄﾐﾗｲｸｲｰﾝｽﾞﾀﾜｰA(29ｶｲ)","神奈川県","横浜市西区","みなとみらいクイーンズタワーＡ（２９階）",0,0,0,0,0,0
14103,"220  ","2206030","ｶﾅｶﾞﾜｹﾝ","ﾖｺﾊﾏｼﾆｼｸ","ﾐﾅﾄﾐﾗｲｸｲｰﾝｽﾞﾀﾜｰA(30ｶｲ)","神奈川県","横浜市西区","みなとみらいクイーンズタワーＡ（３０階）",0,0,0,0,0,0
14103,"220  ","2206031","ｶﾅｶﾞﾜｹﾝ","ﾖｺﾊﾏｼﾆｼｸ","ﾐﾅﾄﾐﾗｲｸｲｰﾝｽﾞﾀﾜｰA(31ｶｲ)","神奈川県","横浜市西区","みなとみらいクイーンズタワーＡ（３１階）",0,0,0,0,0,0
14103,"220  ","2206032","ｶﾅｶﾞﾜｹﾝ","ﾖｺﾊﾏｼﾆｼｸ","ﾐﾅﾄﾐﾗｲｸｲｰﾝｽﾞﾀﾜｰA(32ｶｲ)","神奈川県","横浜市西区","みなとみらいクイーンズタワーＡ（３２階）",0,0,0,0,0,0
14103,"220  ","2206033","ｶﾅｶﾞﾜｹﾝ","ﾖｺﾊﾏｼﾆｼｸ","ﾐﾅﾄﾐﾗｲｸｲｰﾝｽﾞﾀﾜｰA(33ｶｲ)","神奈川県","横浜市西区","みなとみらいクイーンズタワーＡ（３３階）",0,0,0,0,0,0
14103,"220  ","2206034","ｶﾅｶﾞﾜｹﾝ","ﾖｺﾊﾏｼﾆｼｸ","ﾐﾅﾄﾐﾗｲｸｲｰﾝｽﾞﾀﾜｰA(34ｶｲ)","神奈川県","横浜市西区","みなとみらいクイーンズタワーＡ（３４階）",0,0,0,0,0,0
14103,"220  ","2206035","ｶﾅｶﾞﾜｹﾝ","ﾖｺﾊﾏｼﾆｼｸ","ﾐﾅﾄﾐﾗｲｸｲｰﾝｽﾞﾀﾜｰA(35ｶｲ)","神奈川県","横浜市西区","みなとみらいクイーンズタワーＡ（３５階）",0,0,0,0,0,0
14103,"220  ","2206190","ｶﾅｶﾞﾜｹﾝ","ﾖｺﾊﾏｼﾆｼｸ","ﾐﾅﾄﾐﾗｲｸｲｰﾝｽﾞﾀﾜｰB(ﾁｶｲ･ｶｲｿｳﾌﾒｲ)","神奈川県","横浜市西区","みなとみらいクイーンズタワーＢ（地階・階層不明）",0,0,0,0,0,0
14103,"220  ","2206101","ｶﾅｶﾞﾜｹﾝ","ﾖｺﾊﾏｼﾆｼｸ","ﾐﾅﾄﾐﾗｲｸｲｰﾝｽﾞﾀﾜｰB(1ｶｲ)","神奈川県","横浜市西区","みなとみらいクイーンズタワーＢ（１階）",0,0,0,0,0,0
14103,"220  ","2206102","ｶﾅｶﾞﾜｹﾝ","ﾖｺﾊﾏｼﾆｼｸ","ﾐﾅﾄﾐﾗｲｸｲｰﾝｽﾞﾀﾜｰB(2ｶｲ)","神奈川県","横浜市西区","みなとみらいクイーンズタワーＢ（２階）",0,0,0,0,0,0
14103,"220  ","2206103","ｶﾅｶﾞﾜｹﾝ","ﾖｺﾊﾏｼﾆｼｸ","ﾐﾅﾄﾐﾗｲｸｲｰﾝｽﾞﾀﾜｰB(3ｶｲ)","神奈川県","横浜市西区","みなとみらいクイーンズタワーＢ（３階）",0,0,0,0,0,0
14103,"220  ","2206104","ｶﾅｶﾞﾜｹﾝ","ﾖｺﾊﾏｼﾆｼｸ","ﾐﾅﾄﾐﾗｲｸｲｰﾝｽﾞﾀﾜｰB(4ｶｲ)","神奈川県","横浜市西区","みなとみらいクイーンズタワーＢ（４階）",0,0,0,0,0,0
14103,"220  ","2206105","ｶﾅｶﾞﾜｹﾝ","ﾖｺﾊﾏｼﾆｼｸ","ﾐﾅﾄﾐﾗｲｸｲｰﾝｽﾞﾀﾜｰB(5ｶｲ)","神奈川県","横浜市西区","みなとみらいクイーンズタワーＢ（５階）",0,0,0,0,0,0
14103,"220  ","2206106","ｶﾅｶﾞﾜｹﾝ","ﾖｺﾊﾏｼﾆｼｸ","ﾐﾅﾄﾐﾗｲｸｲｰﾝｽﾞﾀﾜｰB(6ｶｲ)","神奈川県","横浜市西区","みなとみらいクイーンズタワーＢ（６階）",0,0,0,0,0,0
14103,"220  ","2206107","ｶﾅｶﾞﾜｹﾝ","ﾖｺﾊﾏｼﾆｼｸ","ﾐﾅﾄﾐﾗｲｸｲｰﾝｽﾞﾀﾜｰB(7ｶｲ)","神奈川県","横浜市西区","みなとみらいクイーンズタワーＢ（７階）",0,0,0,0,0,0
14103,"220  ","2206108","ｶﾅｶﾞﾜｹﾝ","ﾖｺﾊﾏｼﾆｼｸ","ﾐﾅﾄﾐﾗｲｸｲｰﾝｽﾞﾀﾜｰB(8ｶｲ)","神奈川県","横浜市西区","みなとみらいクイーンズタワーＢ（８階）",0,0,0,0,0,0
14103,"220  ","2206109","ｶﾅｶﾞﾜｹﾝ","ﾖｺﾊﾏｼﾆｼｸ","ﾐﾅﾄﾐﾗｲｸｲｰﾝｽﾞﾀﾜｰB(9ｶｲ)","神奈川県","横浜市西区","みなとみらいクイーンズタワーＢ（９階）",0,0,0,0,0,0
14103,"220  ","2206110","ｶﾅｶﾞﾜｹﾝ","ﾖｺﾊﾏｼﾆｼｸ","ﾐﾅﾄﾐﾗｲｸｲｰﾝｽﾞﾀﾜｰB(10ｶｲ)","神奈川県","横浜市西区","みなとみらいクイーンズタワーＢ（１０階）",0,0,0,0,0,0
14103,"220  ","2206111","ｶﾅｶﾞﾜｹﾝ","ﾖｺﾊﾏｼﾆｼｸ","ﾐﾅﾄﾐﾗｲｸｲｰﾝｽﾞﾀﾜｰB(11ｶｲ)","神奈川県","横浜市西区","みなとみらいクイーンズタワーＢ（１１階）",0,0,0,0,0,0
14103,"220  ","2206112","ｶﾅｶﾞﾜｹﾝ","ﾖｺﾊﾏｼﾆｼｸ","ﾐﾅﾄﾐﾗｲｸｲｰﾝｽﾞﾀﾜｰB(12ｶｲ)","神奈川県","横浜市西区","みなとみらいクイーンズタワーＢ（１２階）",0,0,0,0,0,0
14103,"220  ","2206113","ｶﾅｶﾞﾜｹﾝ","ﾖｺﾊﾏｼﾆｼｸ","ﾐﾅﾄﾐﾗｲｸｲｰﾝｽﾞﾀﾜｰB(13ｶｲ)","神奈川県","横浜市西区","みなとみらいクイーンズタワーＢ（１３階）",0,0,0,0,0,0
14103,"220  ","2206114","ｶﾅｶﾞﾜｹﾝ","ﾖｺﾊﾏｼﾆｼｸ","ﾐﾅﾄﾐﾗｲｸｲｰﾝｽﾞﾀﾜｰB(14ｶｲ)","神奈川県","横浜市西区","みなとみらいクイーンズタワーＢ（１４階）",0,0,0,0,0,0
14103,"220  ","2206115","ｶﾅｶﾞﾜｹﾝ","ﾖｺﾊﾏｼﾆｼｸ","ﾐﾅﾄﾐﾗｲｸｲｰﾝｽﾞﾀﾜｰB(15ｶｲ)","神奈川県","横浜市西区","みなとみらいクイーンズタワーＢ（１５階）",0,0,0,0,0,0
14103,"220  ","2206116","ｶﾅｶﾞﾜｹﾝ","ﾖｺﾊﾏｼﾆｼｸ","ﾐﾅﾄﾐﾗｲｸｲｰﾝｽﾞﾀﾜｰB(16ｶｲ)","神奈川県","横浜市西区","みなとみらいクイーンズタワーＢ（１６階）",0,0,0,0,0,0
14103,"220  ","2206117","ｶﾅｶﾞﾜｹﾝ","ﾖｺﾊﾏｼﾆｼｸ","ﾐﾅﾄﾐﾗｲｸｲｰﾝｽﾞﾀﾜｰB(17ｶｲ)","神奈川県","横浜市西区","みなとみらいクイーンズタワーＢ（１７階）",0,0,0,0,0,0
14103,"220  ","2206118","ｶﾅｶﾞﾜｹﾝ","ﾖｺﾊﾏｼﾆｼｸ","ﾐﾅﾄﾐﾗｲｸｲｰﾝｽﾞﾀﾜｰB(18ｶｲ)","神奈川県","横浜市西区","みなとみらいクイーンズタワーＢ（１８階）",0,0,0,0,0,0
14103,"220  ","2206119","ｶﾅｶﾞﾜｹﾝ","ﾖｺﾊﾏｼﾆｼｸ","ﾐﾅﾄﾐﾗｲｸｲｰﾝｽﾞﾀﾜｰB(19ｶｲ)","神奈川県","横浜市西区","みなとみらいクイーンズタワーＢ（１９階）",0,0,0,0,0,0
14103,"220  ","2206120","ｶﾅｶﾞﾜｹﾝ","ﾖｺﾊﾏｼﾆｼｸ","ﾐﾅﾄﾐﾗｲｸｲｰﾝｽﾞﾀﾜｰB(20ｶｲ)","神奈川県","横浜市西区","みなとみらいクイーンズタワーＢ（２０階）",0,0,0,0,0,0
14103,"220  ","2206121","ｶﾅｶﾞﾜｹﾝ","ﾖｺﾊﾏｼﾆｼｸ","ﾐﾅﾄﾐﾗｲｸｲｰﾝｽﾞﾀﾜｰB(21ｶｲ)","神奈川県","横浜市西区","みなとみらいクイーンズタワーＢ（２１階）",0,0,0,0,0,0
14103,"220  ","2206122","ｶﾅｶﾞﾜｹﾝ","ﾖｺﾊﾏｼﾆｼｸ","ﾐﾅﾄﾐﾗｲｸｲｰﾝｽﾞﾀﾜｰB(22ｶｲ)","神奈川県","横浜市西区","みなとみらいクイーンズタワーＢ（２２階）",0,0,0,0,0,0
14103,"220  ","2206123","ｶﾅｶﾞﾜｹﾝ","ﾖｺﾊﾏｼﾆｼｸ","ﾐﾅﾄﾐﾗｲｸｲｰﾝｽﾞﾀﾜｰB(23ｶｲ)","神奈川県","横浜市西区","みなとみらいクイーンズタワーＢ（２３階）",0,0,0,0,0,0
14103,"220  ","2206124","ｶﾅｶﾞﾜｹﾝ","ﾖｺﾊﾏｼﾆｼｸ","ﾐﾅﾄﾐﾗｲｸｲｰﾝｽﾞﾀﾜｰB(24ｶｲ)","神奈川県","横浜市西区","みなとみらいクイーンズタワーＢ（２４階）",0,0,0,0,0,0
14103,"220  ","2206125","ｶﾅｶﾞﾜｹﾝ","ﾖｺﾊﾏｼﾆｼｸ","ﾐﾅﾄﾐﾗｲｸｲｰﾝｽﾞﾀﾜｰB(25ｶｲ)","神奈川県","横浜市西区","みなとみらいクイーンズタワーＢ（２５階）",0,0,0,0,0,0
14103,"220  ","2206126","ｶﾅｶﾞﾜｹﾝ","ﾖｺﾊﾏｼﾆｼｸ","ﾐﾅﾄﾐﾗｲｸｲｰﾝｽﾞﾀﾜｰB(26ｶｲ)","神奈川県","横浜市西区","みなとみらいクイーンズタワーＢ（２６階）",0,0,0,0,0,0
14103,"220  ","2206127","ｶﾅｶﾞﾜｹﾝ","ﾖｺﾊﾏｼﾆｼｸ","ﾐﾅﾄﾐﾗｲｸｲｰﾝｽﾞﾀﾜｰB(27ｶｲ)","神奈川県","横浜市西区","みなとみらいクイーンズタワーＢ（２７階）",0,0,0,0,0,0
14103,"220  ","2206128","ｶﾅｶﾞﾜｹﾝ","ﾖｺﾊﾏｼﾆｼｸ","ﾐﾅﾄﾐﾗｲｸｲｰﾝｽﾞﾀﾜｰB(28ｶｲ)","神奈川県","横浜市西区","みなとみらいクイーンズタワーＢ（２８階）",0,0,0,0,0,0
14103,"220  ","2206290","ｶﾅｶﾞﾜｹﾝ","ﾖｺﾊﾏｼﾆｼｸ","ﾐﾅﾄﾐﾗｲｸｲｰﾝｽﾞﾀﾜｰC(ﾁｶｲ･ｶｲｿｳﾌﾒｲ)","神奈川県","横浜市西区","みなとみらいクイーンズタワーＣ（地階・階層不明）",0,0,0,0,0,0
14103,"220  ","2206201","ｶﾅｶﾞﾜｹﾝ","ﾖｺﾊﾏｼﾆｼｸ","ﾐﾅﾄﾐﾗｲｸｲｰﾝｽﾞﾀﾜｰC(1ｶｲ)","神奈川県","横浜市西区","みなとみらいクイーンズタワーＣ（１階）",0,0,0,0,0,0
14103,"220  ","2206202","ｶﾅｶﾞﾜｹﾝ","ﾖｺﾊﾏｼﾆｼｸ","ﾐﾅﾄﾐﾗｲｸｲｰﾝｽﾞﾀﾜｰC(2ｶｲ)","神奈川県","横浜市西区","みなとみらいクイーンズタワーＣ（２階）",0,0,0,0,0,0
14103,"220  ","2206203","ｶﾅｶﾞﾜｹﾝ","ﾖｺﾊﾏｼﾆｼｸ","ﾐﾅﾄﾐﾗｲｸｲｰﾝｽﾞﾀﾜｰC(3ｶｲ)","神奈川県","横浜市西区","みなとみらいクイーンズタワーＣ（３階）",0,0,0,0,0,0
14103,"220  ","2206204","ｶﾅｶﾞﾜｹﾝ","ﾖｺﾊﾏｼﾆｼｸ","ﾐﾅﾄﾐﾗｲｸｲｰﾝｽﾞﾀﾜｰC(4ｶｲ)","神奈川県","横浜市西区","みなとみらいクイーンズタワーＣ（４階）",0,0,0,0,0,0
14103,"220  ","2206205","ｶﾅｶﾞﾜｹﾝ","ﾖｺﾊﾏｼﾆｼｸ","ﾐﾅﾄﾐﾗｲｸｲｰﾝｽﾞﾀﾜｰC(5ｶｲ)","神奈川県","横浜市西区","みなとみらいクイーンズタワーＣ（５階）",0,0,0,0,0,0
14103,"220  ","2206206","ｶﾅｶﾞﾜｹﾝ","ﾖｺﾊﾏｼﾆｼｸ","ﾐﾅﾄﾐﾗｲｸｲｰﾝｽﾞﾀﾜｰC(6ｶｲ)","神奈川県","横浜市西区","みなとみらいクイーンズタワーＣ（６階）",0,0,0,0,0,0
14103,"220  ","2206207","ｶﾅｶﾞﾜｹﾝ","ﾖｺﾊﾏｼﾆｼｸ","ﾐﾅﾄﾐﾗｲｸｲｰﾝｽﾞﾀﾜｰC(7ｶｲ)","神奈川県","横浜市西区","みなとみらいクイーンズタワーＣ（７階）",0,0,0,0,0,0
14103,"220  ","2206208","ｶﾅｶﾞﾜｹﾝ","ﾖｺﾊﾏｼﾆｼｸ","ﾐﾅﾄﾐﾗｲｸｲｰﾝｽﾞﾀﾜｰC(8ｶｲ)","神奈川県","横浜市西区","みなとみらいクイーンズタワーＣ（８階）",0,0,0,0,0,0
14103,"220  ","2206209","ｶﾅｶﾞﾜｹﾝ","ﾖｺﾊﾏｼﾆｼｸ","ﾐﾅﾄﾐﾗｲｸｲｰﾝｽﾞﾀﾜｰC(9ｶｲ)","神奈川県","横浜市西区","みなとみらいクイーンズタワーＣ（９階）",0,0,0,0,0,0
14103,"220  ","2206210","ｶﾅｶﾞﾜｹﾝ","ﾖｺﾊﾏｼﾆｼｸ","ﾐﾅﾄﾐﾗｲｸｲｰﾝｽﾞﾀﾜｰC(10ｶｲ)","神奈川県","横浜市西区","みなとみらいクイーンズタワーＣ（１０階）",0,0,0,0,0,0
14103,"220  ","2206211","ｶﾅｶﾞﾜｹﾝ","ﾖｺﾊﾏｼﾆｼｸ","ﾐﾅﾄﾐﾗｲｸｲｰﾝｽﾞﾀﾜｰC(11ｶｲ)","神奈川県","横浜市西区","みなとみらいクイーンズタワーＣ（１１階）",0,0,0,0,0,0
14103,"220  ","2206212","ｶﾅｶﾞﾜｹﾝ","ﾖｺﾊﾏｼﾆｼｸ","ﾐﾅﾄﾐﾗｲｸｲｰﾝｽﾞﾀﾜｰC(12ｶｲ)","神奈川県","横浜市西区","みなとみらいクイーンズタワーＣ（１２階）",0,0,0,0,0,0
14103,"220  ","2206213","ｶﾅｶﾞﾜｹﾝ","ﾖｺﾊﾏｼﾆｼｸ","ﾐﾅﾄﾐﾗｲｸｲｰﾝｽﾞﾀﾜｰC(13ｶｲ)","神奈川県","横浜市西区","みなとみらいクイーンズタワーＣ（１３階）",0,0,0,0,0,0
14103,"220  ","2206214","ｶﾅｶﾞﾜｹﾝ","ﾖｺﾊﾏｼﾆｼｸ","ﾐﾅﾄﾐﾗｲｸｲｰﾝｽﾞﾀﾜｰC(14ｶｲ)","神奈川県","横浜市西区","みなとみらいクイーンズタワーＣ（１４階）",0,0,0,0,0,0
14103,"220  ","2206215","ｶﾅｶﾞﾜｹﾝ","ﾖｺﾊﾏｼﾆｼｸ","ﾐﾅﾄﾐﾗｲｸｲｰﾝｽﾞﾀﾜｰC(15ｶｲ)","神奈川県","横浜市西区","みなとみらいクイーンズタワーＣ（１５階）",0,0,0,0,0,0
14103,"220  ","2206216","ｶﾅｶﾞﾜｹﾝ","ﾖｺﾊﾏｼﾆｼｸ","ﾐﾅﾄﾐﾗｲｸｲｰﾝｽﾞﾀﾜｰC(16ｶｲ)","神奈川県","横浜市西区","みなとみらいクイーンズタワーＣ（１６階）",0,0,0,0,0,0
14103,"220  ","2206217","ｶﾅｶﾞﾜｹﾝ","ﾖｺﾊﾏｼﾆｼｸ","ﾐﾅﾄﾐﾗｲｸｲｰﾝｽﾞﾀﾜｰC(17ｶｲ)","神奈川県","横浜市西区","みなとみらいクイーンズタワーＣ（１７階）",0,0,0,0,0,0
14103,"220  ","2206218","ｶﾅｶﾞﾜｹﾝ","ﾖｺﾊﾏｼﾆｼｸ","ﾐﾅﾄﾐﾗｲｸｲｰﾝｽﾞﾀﾜｰC(18ｶｲ)","神奈川県","横浜市西区","みなとみらいクイーンズタワーＣ（１８階）",0,0,0,0,0,0
14103,"220  ","2206219","ｶﾅｶﾞﾜｹﾝ","ﾖｺﾊﾏｼﾆｼｸ","ﾐﾅﾄﾐﾗｲｸｲｰﾝｽﾞﾀﾜｰC(19ｶｲ)","神奈川県","横浜市西区","みなとみらいクイーンズタワーＣ（１９階）",0,0,0,0,0,0
14103,"220  ","2206220","ｶﾅｶﾞﾜｹﾝ","ﾖｺﾊﾏｼﾆｼｸ","ﾐﾅﾄﾐﾗｲｸｲｰﾝｽﾞﾀﾜｰC(20ｶｲ)","神奈川県","横浜市西区","みなとみらいクイーンズタワーＣ（２０階）",0,0,0,0,0,0
14103,"220  ","2206221","ｶﾅｶﾞﾜｹﾝ","ﾖｺﾊﾏｼﾆｼｸ","ﾐﾅﾄﾐﾗｲｸｲｰﾝｽﾞﾀﾜｰC(21ｶｲ)","神奈川県","横浜市西区","みなとみらいクイーンズタワーＣ（２１階）",0,0,0,0,0,0
14103,"220  ","2208190","ｶﾅｶﾞﾜｹﾝ","ﾖｺﾊﾏｼﾆｼｸ","ﾐﾅﾄﾐﾗｲﾗﾝﾄﾞﾏｰｸﾀﾜｰ(ﾁｶｲ･ｶｲｿｳﾌﾒｲ)","神奈川県","横浜市西区","みなとみらいランドマークタワー（地階・階層不明）",0,0,0,0,0,0
14103,"220  ","2208101","ｶﾅｶﾞﾜｹﾝ","ﾖｺﾊﾏｼﾆｼｸ","ﾐﾅﾄﾐﾗｲﾗﾝﾄﾞﾏｰｸﾀﾜｰ(1ｶｲ)","神奈川県","横浜市西区","みなとみらいランドマークタワー（１階）",0,0,0,0,0,0
14103,"220  ","2208102","ｶﾅｶﾞﾜｹﾝ","ﾖｺﾊﾏｼﾆｼｸ","ﾐﾅﾄﾐﾗｲﾗﾝﾄﾞﾏｰｸﾀﾜｰ(2ｶｲ)","神奈川県","横浜市西区","みなとみらいランドマークタワー（２階）",0,0,0,0,0,0
14103,"220  ","2208103","ｶﾅｶﾞﾜｹﾝ","ﾖｺﾊﾏｼﾆｼｸ","ﾐﾅﾄﾐﾗｲﾗﾝﾄﾞﾏｰｸﾀﾜｰ(3ｶｲ)","神奈川県","横浜市西区","みなとみらいランドマークタワー（３階）",0,0,0,0,0,0
14103,"220  ","2208104","ｶﾅｶﾞﾜｹﾝ","ﾖｺﾊﾏｼﾆｼｸ","ﾐﾅﾄﾐﾗｲﾗﾝﾄﾞﾏｰｸﾀﾜｰ(4ｶｲ)","神奈川県","横浜市西区","みなとみらいランドマークタワー（４階）",0,0,0,0,0,0
14103,"220  ","2208105","ｶﾅｶﾞﾜｹﾝ","ﾖｺﾊﾏｼﾆｼｸ","ﾐﾅﾄﾐﾗｲﾗﾝﾄﾞﾏｰｸﾀﾜｰ(5ｶｲ)","神奈川県","横浜市西区","みなとみらいランドマークタワー（５階）",0,0,0,0,0,0
14103,"220  ","2208106","ｶﾅｶﾞﾜｹﾝ","ﾖｺﾊﾏｼﾆｼｸ","ﾐﾅﾄﾐﾗｲﾗﾝﾄﾞﾏｰｸﾀﾜｰ(6ｶｲ)","神奈川県","横浜市西区","みなとみらいランドマークタワー（６階）",0,0,0,0,0,0
14103,"220  ","2208107","ｶﾅｶﾞﾜｹﾝ","ﾖｺﾊﾏｼﾆｼｸ","ﾐﾅﾄﾐﾗｲﾗﾝﾄﾞﾏｰｸﾀﾜｰ(7ｶｲ)","神奈川県","横浜市西区","みなとみらいランドマークタワー（７階）",0,0,0,0,0,0
14103,"220  ","2208108","ｶﾅｶﾞﾜｹﾝ","ﾖｺﾊﾏｼﾆｼｸ","ﾐﾅﾄﾐﾗｲﾗﾝﾄﾞﾏｰｸﾀﾜｰ(8ｶｲ)","神奈川県","横浜市西区","みなとみらいランドマークタワー（８階）",0,0,0,0,0,0
14103,"220  ","2208109","ｶﾅｶﾞﾜｹﾝ","ﾖｺﾊﾏｼﾆｼｸ","ﾐﾅﾄﾐﾗｲﾗﾝﾄﾞﾏｰｸﾀﾜｰ(9ｶｲ)","神奈川県","横浜市西区","みなとみらいランドマークタワー（９階）",0,0,0,0,0,0
14103,"220  ","2208110","ｶﾅｶﾞﾜｹﾝ","ﾖｺﾊﾏｼﾆｼｸ","ﾐﾅﾄﾐﾗｲﾗﾝﾄﾞﾏｰｸﾀﾜｰ(10ｶｲ)","神奈川県","横浜市西区","みなとみらいランドマークタワー（１０階）",0,0,0,0,0,0
14103,"220  ","2208111","ｶﾅｶﾞﾜｹﾝ","ﾖｺﾊﾏｼﾆｼｸ","ﾐﾅﾄﾐﾗｲﾗﾝﾄﾞﾏｰｸﾀﾜｰ(11ｶｲ)","神奈川県","横浜市西区","みなとみらいランドマークタワー（１１階）",0,0,0,0,0,0
14103,"220  ","2208112","ｶﾅｶﾞﾜｹﾝ","ﾖｺﾊﾏｼﾆｼｸ","ﾐﾅﾄﾐﾗｲﾗﾝﾄﾞﾏｰｸﾀﾜｰ(12ｶｲ)","神奈川県","横浜市西区","みなとみらいランドマークタワー（１２階）",0,0,0,0,0,0
14103,"220  ","2208113","ｶﾅｶﾞﾜｹﾝ","ﾖｺﾊﾏｼﾆｼｸ","ﾐﾅﾄﾐﾗｲﾗﾝﾄﾞﾏｰｸﾀﾜｰ(13ｶｲ)","神奈川県","横浜市西区","みなとみらいランドマークタワー（１３階）",0,0,0,0,0,0
14103,"220  ","2208114","ｶﾅｶﾞﾜｹﾝ","ﾖｺﾊﾏｼﾆｼｸ","ﾐﾅﾄﾐﾗｲﾗﾝﾄﾞﾏｰｸﾀﾜｰ(14ｶｲ)","神奈川県","横浜市西区","みなとみらいランドマークタワー（１４階）",0,0,0,0,0,0
14103,"220  ","2208115","ｶﾅｶﾞﾜｹﾝ","ﾖｺﾊﾏｼﾆｼｸ","ﾐﾅﾄﾐﾗｲﾗﾝﾄﾞﾏｰｸﾀﾜｰ(15ｶｲ)","神奈川県","横浜市西区","みなとみらいランドマークタワー（１５階）",0,0,0,0,0,0
14103,"220  ","2208116","ｶﾅｶﾞﾜｹﾝ","ﾖｺﾊﾏｼﾆｼｸ","ﾐﾅﾄﾐﾗｲﾗﾝﾄﾞﾏｰｸﾀﾜｰ(16ｶｲ)","神奈川県","横浜市西区","みなとみらいランドマークタワー（１６階）",0,0,0,0,0,0
14103,"220  ","2208117","ｶﾅｶﾞﾜｹﾝ","ﾖｺﾊﾏｼﾆｼｸ","ﾐﾅﾄﾐﾗｲﾗﾝﾄﾞﾏｰｸﾀﾜｰ(17ｶｲ)","神奈川県","横浜市西区","みなとみらいランドマークタワー（１７階）",0,0,0,0,0,0
14103,"220  ","2208118","ｶﾅｶﾞﾜｹﾝ","ﾖｺﾊﾏｼﾆｼｸ","ﾐﾅﾄﾐﾗｲﾗﾝﾄﾞﾏｰｸﾀﾜｰ(18ｶｲ)","神奈川県","横浜市西区","みなとみらいランドマークタワー（１８階）",0,0,0,0,0,0
14103,"220  ","2208119","ｶﾅｶﾞﾜｹﾝ","ﾖｺﾊﾏｼﾆｼｸ","ﾐﾅﾄﾐﾗｲﾗﾝﾄﾞﾏｰｸﾀﾜｰ(19ｶｲ)","神奈川県","横浜市西区","みなとみらいランドマークタワー（１９階）",0,0,0,0,0,0
14103,"220  ","2208120","ｶﾅｶﾞﾜｹﾝ","ﾖｺﾊﾏｼﾆｼｸ","ﾐﾅﾄﾐﾗｲﾗﾝﾄﾞﾏｰｸﾀﾜｰ(20ｶｲ)","神奈川県","横浜市西区","みなとみらいランドマークタワー（２０階）",0,0,0,0,0,0
14103,"220  ","2208121","ｶﾅｶﾞﾜｹﾝ","ﾖｺﾊﾏｼﾆｼｸ","ﾐﾅﾄﾐﾗｲﾗﾝﾄﾞﾏｰｸﾀﾜｰ(21ｶｲ)","神奈川県","横浜市西区","みなとみらいランドマークタワー（２１階）",0,0,0,0,0,0
14103,"220  ","2208122","ｶﾅｶﾞﾜｹﾝ","ﾖｺﾊﾏｼﾆｼｸ","ﾐﾅﾄﾐﾗｲﾗﾝﾄﾞﾏｰｸﾀﾜｰ(22ｶｲ)","神奈川県","横浜市西区","みなとみらいランドマークタワー（２２階）",0,0,0,0,0,0
14103,"220  ","2208123","ｶﾅｶﾞﾜｹﾝ","ﾖｺﾊﾏｼﾆｼｸ","ﾐﾅﾄﾐﾗｲﾗﾝﾄﾞﾏｰｸﾀﾜｰ(23ｶｲ)","神奈川県","横浜市西区","みなとみらいランドマークタワー（２３階）",0,0,0,0,0,0
14103,"220  ","2208124","ｶﾅｶﾞﾜｹﾝ","ﾖｺﾊﾏｼﾆｼｸ","ﾐﾅﾄﾐﾗｲﾗﾝﾄﾞﾏｰｸﾀﾜｰ(24ｶｲ)","神奈川県","横浜市西区","みなとみらいランドマークタワー（２４階）",0,0,0,0,0,0
14103,"220  ","2208125","ｶﾅｶﾞﾜｹﾝ","ﾖｺﾊﾏｼﾆｼｸ","ﾐﾅﾄﾐﾗｲﾗﾝﾄﾞﾏｰｸﾀﾜｰ(25ｶｲ)","神奈川県","横浜市西区","みなとみらいランドマークタワー（２５階）",0,0,0,0,0,0
14103,"220  ","2208126","ｶﾅｶﾞﾜｹﾝ","ﾖｺﾊﾏｼﾆｼｸ","ﾐﾅﾄﾐﾗｲﾗﾝﾄﾞﾏｰｸﾀﾜｰ(26ｶｲ)","神奈川県","横浜市西区","みなとみらいランドマークタワー（２６階）",0,0,0,0,0,0
14103,"220  ","2208127","ｶﾅｶﾞﾜｹﾝ","ﾖｺﾊﾏｼﾆｼｸ","ﾐﾅﾄﾐﾗｲﾗﾝﾄﾞﾏｰｸﾀﾜｰ(27ｶｲ)","神奈川県","横浜市西区","みなとみらいランドマークタワー（２７階）",0,0,0,0,0,0
14103,"220  ","2208128","ｶﾅｶﾞﾜｹﾝ","ﾖｺﾊﾏｼﾆｼｸ","ﾐﾅﾄﾐﾗｲﾗﾝﾄﾞﾏｰｸﾀﾜｰ(28ｶｲ)","神奈川県","横浜市西区","みなとみらいランドマークタワー（２８階）",0,0,0,0,0,0
14103,"220  ","2208129","ｶﾅｶﾞﾜｹﾝ","ﾖｺﾊﾏｼﾆｼｸ","ﾐﾅﾄﾐﾗｲﾗﾝﾄﾞﾏｰｸﾀﾜｰ(29ｶｲ)","神奈川県","横浜市西区","みなとみらいランドマークタワー（２９階）",0,0,0,0,0,0
14103,"220  ","2208130","ｶﾅｶﾞﾜｹﾝ","ﾖｺﾊﾏｼﾆｼｸ","ﾐﾅﾄﾐﾗｲﾗﾝﾄﾞﾏｰｸﾀﾜｰ(30ｶｲ)","神奈川県","横浜市西区","みなとみらいランドマークタワー（３０階）",0,0,0,0,0,0
14103,"220  ","2208131","ｶﾅｶﾞﾜｹﾝ","ﾖｺﾊﾏｼﾆｼｸ","ﾐﾅﾄﾐﾗｲﾗﾝﾄﾞﾏｰｸﾀﾜｰ(31ｶｲ)","神奈川県","横浜市西区","みなとみらいランドマークタワー（３１階）",0,0,0,0,0,0
14103,"220  ","2208132","ｶﾅｶﾞﾜｹﾝ","ﾖｺﾊﾏｼﾆｼｸ","ﾐﾅﾄﾐﾗｲﾗﾝﾄﾞﾏｰｸﾀﾜｰ(32ｶｲ)","神奈川県","横浜市西区","みなとみらいランドマークタワー（３２階）",0,0,0,0,0,0
14103,"220  ","2208133","ｶﾅｶﾞﾜｹﾝ","ﾖｺﾊﾏｼﾆｼｸ","ﾐﾅﾄﾐﾗｲﾗﾝﾄﾞﾏｰｸﾀﾜｰ(33ｶｲ)","神奈川県","横浜市西区","みなとみらいランドマークタワー（３３階）",0,0,0,0,0,0
14103,"220  ","2208134","ｶﾅｶﾞﾜｹﾝ","ﾖｺﾊﾏｼﾆｼｸ","ﾐﾅﾄﾐﾗｲﾗﾝﾄﾞﾏｰｸﾀﾜｰ(34ｶｲ)","神奈川県","横浜市西区","みなとみらいランドマークタワー（３４階）",0,0,0,0,0,0
14103,"220  ","2208135","ｶﾅｶﾞﾜｹﾝ","ﾖｺﾊﾏｼﾆｼｸ","ﾐﾅﾄﾐﾗｲﾗﾝﾄﾞﾏｰｸﾀﾜｰ(35ｶｲ)","神奈川県","横浜市西区","みなとみらいランドマークタワー（３５階）",0,0,0,0,0,0
14103,"220  ","2208136","ｶﾅｶﾞﾜｹﾝ","ﾖｺﾊﾏｼﾆｼｸ","ﾐﾅﾄﾐﾗｲﾗﾝﾄﾞﾏｰｸﾀﾜｰ(36ｶｲ)","神奈川県","横浜市西区","みなとみらいランドマークタワー（３６階）",0,0,0,0,0,0
14103,"220  ","2208137","ｶﾅｶﾞﾜｹﾝ","ﾖｺﾊﾏｼﾆｼｸ","ﾐﾅﾄﾐﾗｲﾗﾝﾄﾞﾏｰｸﾀﾜｰ(37ｶｲ)","神奈川県","横浜市西区","みなとみらいランドマークタワー（３７階）",0,0,0,0,0,0
14103,"220  ","2208138","ｶﾅｶﾞﾜｹﾝ","ﾖｺﾊﾏｼﾆｼｸ","ﾐﾅﾄﾐﾗｲﾗﾝﾄﾞﾏｰｸﾀﾜｰ(38ｶｲ)","神奈川県","横浜市西区","みなとみらいランドマークタワー（３８階）",0,0,0,0,0,0
14103,"220  ","2208139","ｶﾅｶﾞﾜｹﾝ","ﾖｺﾊﾏｼﾆｼｸ","ﾐﾅﾄﾐﾗｲﾗﾝﾄﾞﾏｰｸﾀﾜｰ(39ｶｲ)","神奈川県","横浜市西区","みなとみらいランドマークタワー（３９階）",0,0,0,0,0,0
14103,"220  ","2208140","ｶﾅｶﾞﾜｹﾝ","ﾖｺﾊﾏｼﾆｼｸ","ﾐﾅﾄﾐﾗｲﾗﾝﾄﾞﾏｰｸﾀﾜｰ(40ｶｲ)","神奈川県","横浜市西区","みなとみらいランドマークタワー（４０階）",0,0,0,0,0,0
14103,"220  ","2208141","ｶﾅｶﾞﾜｹﾝ","ﾖｺﾊﾏｼﾆｼｸ","ﾐﾅﾄﾐﾗｲﾗﾝﾄﾞﾏｰｸﾀﾜｰ(41ｶｲ)","神奈川県","横浜市西区","みなとみらいランドマークタワー（４１階）",0,0,0,0,0,0
14103,"220  ","2208142","ｶﾅｶﾞﾜｹﾝ","ﾖｺﾊﾏｼﾆｼｸ","ﾐﾅﾄﾐﾗｲﾗﾝﾄﾞﾏｰｸﾀﾜｰ(42ｶｲ)","神奈川県","横浜市西区","みなとみらいランドマークタワー（４２階）",0,0,0,0,0,0
14103,"220  ","2208143","ｶﾅｶﾞﾜｹﾝ","ﾖｺﾊﾏｼﾆｼｸ","ﾐﾅﾄﾐﾗｲﾗﾝﾄﾞﾏｰｸﾀﾜｰ(43ｶｲ)","神奈川県","横浜市西区","みなとみらいランドマークタワー（４３階）",0,0,0,0,0,0
14103,"220  ","2208144","ｶﾅｶﾞﾜｹﾝ","ﾖｺﾊﾏｼﾆｼｸ","ﾐﾅﾄﾐﾗｲﾗﾝﾄﾞﾏｰｸﾀﾜｰ(44ｶｲ)","神奈川県","横浜市西区","みなとみらいランドマークタワー（４４階）",0,0,0,0,0,0
14103,"220  ","2208145","ｶﾅｶﾞﾜｹﾝ","ﾖｺﾊﾏｼﾆｼｸ","ﾐﾅﾄﾐﾗｲﾗﾝﾄﾞﾏｰｸﾀﾜｰ(45ｶｲ)","神奈川県","横浜市西区","みなとみらいランドマークタワー（４５階）",0,0,0,0,0,0
14103,"220  ","2208146","ｶﾅｶﾞﾜｹﾝ","ﾖｺﾊﾏｼﾆｼｸ","ﾐﾅﾄﾐﾗｲﾗﾝﾄﾞﾏｰｸﾀﾜｰ(46ｶｲ)","神奈川県","横浜市西区","みなとみらいランドマークタワー（４６階）",0,0,0,0,0,0
14103,"220  ","2208147","ｶﾅｶﾞﾜｹﾝ","ﾖｺﾊﾏｼﾆｼｸ","ﾐﾅﾄﾐﾗｲﾗﾝﾄﾞﾏｰｸﾀﾜｰ(47ｶｲ)","神奈川県","横浜市西区","みなとみらいランドマークタワー（４７階）",0,0,0,0,0,0
14103,"220  ","2208148","ｶﾅｶﾞﾜｹﾝ","ﾖｺﾊﾏｼﾆｼｸ","ﾐﾅﾄﾐﾗｲﾗﾝﾄﾞﾏｰｸﾀﾜｰ(48ｶｲ)","神奈川県","横浜市西区","みなとみらいランドマークタワー（４８階）",0,0,0,0,0,0
14103,"220  ","2208149","ｶﾅｶﾞﾜｹﾝ","ﾖｺﾊﾏｼﾆｼｸ","ﾐﾅﾄﾐﾗｲﾗﾝﾄﾞﾏｰｸﾀﾜｰ(49ｶｲ)","神奈川県","横浜市西区","みなとみらいランドマークタワー（４９階）",0,0,0,0,0,0
14103,"220  ","2208150","ｶﾅｶﾞﾜｹﾝ","ﾖｺﾊﾏｼﾆｼｸ","ﾐﾅﾄﾐﾗｲﾗﾝﾄﾞﾏｰｸﾀﾜｰ(50ｶｲ)","神奈川県","横浜市西区","みなとみらいランドマークタワー（５０階）",0,0,0,0,0,0
14103,"220  ","2208151","ｶﾅｶﾞﾜｹﾝ","ﾖｺﾊﾏｼﾆｼｸ","ﾐﾅﾄﾐﾗｲﾗﾝﾄﾞﾏｰｸﾀﾜｰ(51ｶｲ)","神奈川県","横浜市西区","みなとみらいランドマークタワー（５１階）",0,0,0,0,0,0
14103,"220  ","2208152","ｶﾅｶﾞﾜｹﾝ","ﾖｺﾊﾏｼﾆｼｸ","ﾐﾅﾄﾐﾗｲﾗﾝﾄﾞﾏｰｸﾀﾜｰ(52ｶｲ)","神奈川県","横浜市西区","みなとみらいランドマークタワー（５２階）",0,0,0,0,0,0
14103,"220  ","2208153","ｶﾅｶﾞﾜｹﾝ","ﾖｺﾊﾏｼﾆｼｸ","ﾐﾅﾄﾐﾗｲﾗﾝﾄﾞﾏｰｸﾀﾜｰ(53ｶｲ)","神奈川県","横浜市西区","みなとみらいランドマークタワー（５３階）",0,0,0,0,0,0
14103,"220  ","2208154","ｶﾅｶﾞﾜｹﾝ","ﾖｺﾊﾏｼﾆｼｸ","ﾐﾅﾄﾐﾗｲﾗﾝﾄﾞﾏｰｸﾀﾜｰ(54ｶｲ)","神奈川県","横浜市西区","みなとみらいランドマークタワー（５４階）",0,0,0,0,0,0
14103,"220  ","2208155","ｶﾅｶﾞﾜｹﾝ","ﾖｺﾊﾏｼﾆｼｸ","ﾐﾅﾄﾐﾗｲﾗﾝﾄﾞﾏｰｸﾀﾜｰ(55ｶｲ)","神奈川県","横浜市西区","みなとみらいランドマークタワー（５５階）",0,0,0,0,0,0
14103,"220  ","2208156","ｶﾅｶﾞﾜｹﾝ","ﾖｺﾊﾏｼﾆｼｸ","ﾐﾅﾄﾐﾗｲﾗﾝﾄﾞﾏｰｸﾀﾜｰ(56ｶｲ)","神奈川県","横浜市西区","みなとみらいランドマークタワー（５６階）",0,0,0,0,0,0
14103,"220  ","2208157","ｶﾅｶﾞﾜｹﾝ","ﾖｺﾊﾏｼﾆｼｸ","ﾐﾅﾄﾐﾗｲﾗﾝﾄﾞﾏｰｸﾀﾜｰ(57ｶｲ)","神奈川県","横浜市西区","みなとみらいランドマークタワー（５７階）",0,0,0,0,0,0
14103,"220  ","2208158","ｶﾅｶﾞﾜｹﾝ","ﾖｺﾊﾏｼﾆｼｸ","ﾐﾅﾄﾐﾗｲﾗﾝﾄﾞﾏｰｸﾀﾜｰ(58ｶｲ)","神奈川県","横浜市西区","みなとみらいランドマークタワー（５８階）",0,0,0,0,0,0
14103,"220  ","2208159","ｶﾅｶﾞﾜｹﾝ","ﾖｺﾊﾏｼﾆｼｸ","ﾐﾅﾄﾐﾗｲﾗﾝﾄﾞﾏｰｸﾀﾜｰ(59ｶｲ)","神奈川県","横浜市西区","みなとみらいランドマークタワー（５９階）",0,0,0,0,0,0
14103,"220  ","2208160","ｶﾅｶﾞﾜｹﾝ","ﾖｺﾊﾏｼﾆｼｸ","ﾐﾅﾄﾐﾗｲﾗﾝﾄﾞﾏｰｸﾀﾜｰ(60ｶｲ)","神奈川県","横浜市西区","みなとみらいランドマークタワー（６０階）",0,0,0,0,0,0
14103,"220  ","2208161","ｶﾅｶﾞﾜｹﾝ","ﾖｺﾊﾏｼﾆｼｸ","ﾐﾅﾄﾐﾗｲﾗﾝﾄﾞﾏｰｸﾀﾜｰ(61ｶｲ)","神奈川県","横浜市西区","みなとみらいランドマークタワー（６１階）",0,0,0,0,0,0
14103,"220  ","2208162","ｶﾅｶﾞﾜｹﾝ","ﾖｺﾊﾏｼﾆｼｸ","ﾐﾅﾄﾐﾗｲﾗﾝﾄﾞﾏｰｸﾀﾜｰ(62ｶｲ)","神奈川県","横浜市西区","みなとみらいランドマークタワー（６２階）",0,0,0,0,0,0
14103,"220  ","2208163","ｶﾅｶﾞﾜｹﾝ","ﾖｺﾊﾏｼﾆｼｸ","ﾐﾅﾄﾐﾗｲﾗﾝﾄﾞﾏｰｸﾀﾜｰ(63ｶｲ)","神奈川県","横浜市西区","みなとみらいランドマークタワー（６３階）",0,0,0,0,0,0
14103,"220  ","2208164","ｶﾅｶﾞﾜｹﾝ","ﾖｺﾊﾏｼﾆｼｸ","ﾐﾅﾄﾐﾗｲﾗﾝﾄﾞﾏｰｸﾀﾜｰ(64ｶｲ)","神奈川県","横浜市西区","みなとみらいランドマークタワー（６４階）",0,0,0,0,0,0
14103,"220  ","2208165","ｶﾅｶﾞﾜｹﾝ","ﾖｺﾊﾏｼﾆｼｸ","ﾐﾅﾄﾐﾗｲﾗﾝﾄﾞﾏｰｸﾀﾜｰ(65ｶｲ)","神奈川県","横浜市西区","みなとみらいランドマークタワー（６５階）",0,0,0,0,0,0
14103,"220  ","2208166","ｶﾅｶﾞﾜｹﾝ","ﾖｺﾊﾏｼﾆｼｸ","ﾐﾅﾄﾐﾗｲﾗﾝﾄﾞﾏｰｸﾀﾜｰ(66ｶｲ)","神奈川県","横浜市西区","みなとみらいランドマークタワー（６６階）",0,0,0,0,0,0
14103,"220  ","2208167","ｶﾅｶﾞﾜｹﾝ","ﾖｺﾊﾏｼﾆｼｸ","ﾐﾅﾄﾐﾗｲﾗﾝﾄﾞﾏｰｸﾀﾜｰ(67ｶｲ)","神奈川県","横浜市西区","みなとみらいランドマークタワー（６７階）",0,0,0,0,0,0
14103,"220  ","2208168","ｶﾅｶﾞﾜｹﾝ","ﾖｺﾊﾏｼﾆｼｸ","ﾐﾅﾄﾐﾗｲﾗﾝﾄﾞﾏｰｸﾀﾜｰ(68ｶｲ)","神奈川県","横浜市西区","みなとみらいランドマークタワー（６８階）",0,0,0,0,0,0
14103,"220  ","2208169","ｶﾅｶﾞﾜｹﾝ","ﾖｺﾊﾏｼﾆｼｸ","ﾐﾅﾄﾐﾗｲﾗﾝﾄﾞﾏｰｸﾀﾜｰ(69ｶｲ)","神奈川県","横浜市西区","みなとみらいランドマークタワー（６９階）",0,0,0,0,0,0
14103,"220  ","2208170","ｶﾅｶﾞﾜｹﾝ","ﾖｺﾊﾏｼﾆｼｸ","ﾐﾅﾄﾐﾗｲﾗﾝﾄﾞﾏｰｸﾀﾜｰ(70ｶｲ)","神奈川県","横浜市西区","みなとみらいランドマークタワー（７０階）",0,0,0,0,0,0
14103,"220  ","2200002","ｶﾅｶﾞﾜｹﾝ","ﾖｺﾊﾏｼﾆｼｸ","ﾐﾅﾐｶﾙｲｻﾞﾜ","神奈川県","横浜市西区","南軽井沢",0,0,0,0,0,0
14103,"220  ","2200005","ｶﾅｶﾞﾜｹﾝ","ﾖｺﾊﾏｼﾆｼｸ","ﾐﾅﾐｻｲﾜｲ","神奈川県","横浜市西区","南幸",0,0,1,0,0,0
14103,"220  ","2200074","ｶﾅｶﾞﾜｹﾝ","ﾖｺﾊﾏｼﾆｼｸ","ﾐﾅﾐｾﾝｹﾞﾝﾁｮｳ","神奈川県","横浜市西区","南浅間町",0,0,0,0,0,0
14103,"220  ","2200006","ｶﾅｶﾞﾜｹﾝ","ﾖｺﾊﾏｼﾆｼｸ","ﾐﾔｶﾞﾔ","神奈川県","横浜市西区","宮ケ谷",0,0,0,0,0,0
14103,"220  ","2200031","ｶﾅｶﾞﾜｹﾝ","ﾖｺﾊﾏｼﾆｼｸ","ﾐﾔｻﾞｷﾁｮｳ","神奈川県","横浜市西区","宮崎町",0,0,0,0,0,0
14103,"220  ","2200063","ｶﾅｶﾞﾜｹﾝ","ﾖｺﾊﾏｼﾆｼｸ","ﾓﾄｸﾎﾞﾁｮｳ","神奈川県","横浜市西区","元久保町",0,0,0,0,0,0
14103,"220  ","2200044","ｶﾅｶﾞﾜｹﾝ","ﾖｺﾊﾏｼﾆｼｸ","ﾓﾐｼﾞｶﾞｵｶ","神奈川県","横浜市西区","紅葉ケ丘",0,0,0,0,0,0
14104,"231  ","2310000","ｶﾅｶﾞﾜｹﾝ","ﾖｺﾊﾏｼﾅｶｸ","ｲｶﾆｹｲｻｲｶﾞﾅｲﾊﾞｱｲ","神奈川県","横浜市中区","以下に掲載がない場合",0,0,0,0,0,0
14104,"231  ","2310012","ｶﾅｶﾞﾜｹﾝ","ﾖｺﾊﾏｼﾅｶｸ","ｱｲｵｲﾁｮｳ","神奈川県","横浜市中区","相生町",0,0,1,0,0,0
14104,"231  ","2310051","ｶﾅｶﾞﾜｹﾝ","ﾖｺﾊﾏｼﾅｶｸ","ｱｶﾓﾝﾁｮｳ","神奈川県","横浜市中区","赤門町",0,0,1,0,0,0
14104,"231  ","2310057","ｶﾅｶﾞﾜｹﾝ","ﾖｺﾊﾏｼﾅｶｸ","ｱｹﾎﾞﾉﾁｮｳ","神奈川県","横浜市中区","曙町",0,0,1,0,0,0
14104,"231  ","2310834","ｶﾅｶﾞﾜｹﾝ","ﾖｺﾊﾏｼﾅｶｸ","ｲｹﾌﾞｸﾛ","神奈川県","横浜市中区","池袋",0,0,0,0,0,0
14104,"231  ","2310868","ｶﾅｶﾞﾜｹﾝ","ﾖｺﾊﾏｼﾅｶｸ","ｲｼｶﾜﾁｮｳ","神奈川県","横浜市中区","石川町",0,0,1,0,0,0
14104,"231  ","2310045","ｶﾅｶﾞﾜｹﾝ","ﾖｺﾊﾏｼﾅｶｸ","ｲｾｻﾞｷﾁｮｳ","神奈川県","横浜市中区","伊勢佐木町",0,0,1,0,0,0
14104,"231  ","2310842","ｶﾅｶﾞﾜｹﾝ","ﾖｺﾊﾏｼﾅｶｸ","ｳｴﾉﾁｮｳ","神奈川県","横浜市中区","上野町",0,0,1,0,0,0
14104,"231  ","2310867","ｶﾅｶﾞﾜｹﾝ","ﾖｺﾊﾏｼﾅｶｸ","ｳﾁｺｼ","神奈川県","横浜市中区","打越",0,0,0,0,0,0
14104,"231  ","2310061","ｶﾅｶﾞﾜｹﾝ","ﾖｺﾊﾏｼﾅｶｸ","ｳﾁﾀﾞﾁｮｳ","神奈川県","横浜市中区","内田町",0,0,0,0,0,0
14104,"231  ","2310027","ｶﾅｶﾞﾜｹﾝ","ﾖｺﾊﾏｼﾅｶｸ","ｵｳｷﾞﾁｮｳ","神奈川県","横浜市中区","扇町",0,0,1,0,0,0
14104,"231  ","2310858","ｶﾅｶﾞﾜｹﾝ","ﾖｺﾊﾏｼﾅｶｸ","ｵｵｼﾊﾞﾀﾞｲ","神奈川県","横浜市中区","大芝台",0,0,0,0,0,0
14104,"231  ","2310011","ｶﾅｶﾞﾜｹﾝ","ﾖｺﾊﾏｼﾅｶｸ","ｵｵﾀﾏﾁ","神奈川県","横浜市中区","太田町",0,0,1,0,0,0
14104,"231  ","2310859","ｶﾅｶﾞﾜｹﾝ","ﾖｺﾊﾏｼﾅｶｸ","ｵｵﾋﾗﾁｮｳ","神奈川県","横浜市中区","大平町",0,0,0,0,0,0
14104,"231  ","2310028","ｶﾅｶﾞﾜｹﾝ","ﾖｺﾊﾏｼﾅｶｸ","ｵｷﾅﾁｮｳ","神奈川県","横浜市中区","翁町",0,0,1,0,0,0
14104,"231  ","2310015","ｶﾅｶﾞﾜｹﾝ","ﾖｺﾊﾏｼﾅｶｸ","ｵﾉｴﾁｮｳ","神奈川県","横浜市中区","尾上町",0,0,1,0,0,0
14104,"231  ","2310002","ｶﾅｶﾞﾜｹﾝ","ﾖｺﾊﾏｼﾅｶｸ","ｶｲｶﾞﾝﾄﾞｵﾘ","神奈川県","横浜市中区","海岸通",0,0,1,0,0,0
14104,"231  ","2310866","ｶﾅｶﾞﾜｹﾝ","ﾖｺﾊﾏｼﾅｶｸ","ｶｼﾜﾊﾞ","神奈川県","横浜市中区","柏葉",0,0,0,0,0,0
14104,"231  ","2310813","ｶﾅｶﾞﾜｹﾝ","ﾖｺﾊﾏｼﾅｶｸ","ｶﾓﾒﾁｮｳ","神奈川県","横浜市中区","かもめ町",0,0,0,0,0,0
14104,"231  ","2310865","ｶﾅｶﾞﾜｹﾝ","ﾖｺﾊﾏｼﾅｶｸ","ｷﾀｶﾞﾀﾁｮｳ","神奈川県","横浜市中区","北方町",0,0,1,0,0,0
14104,"231  ","2310003","ｶﾅｶﾞﾜｹﾝ","ﾖｺﾊﾏｼﾅｶｸ","ｷﾀﾅｶﾄﾞｵﾘ","神奈川県","横浜市中区","北仲通",0,0,1,0,0,0
14104,"231  ","2310054","ｶﾅｶﾞﾜｹﾝ","ﾖｺﾊﾏｼﾅｶｸ","ｺｶﾞﾈﾁｮｳ","神奈川県","横浜市中区","黄金町",0,0,1,0,0,0
14104,"231  ","2310026","ｶﾅｶﾞﾜｹﾝ","ﾖｺﾊﾏｼﾅｶｸ","ｺﾄﾌﾞｷﾁｮｳ","神奈川県","横浜市中区","寿町",0,0,1,0,0,0
14104,"231  ","2310802","ｶﾅｶﾞﾜｹﾝ","ﾖｺﾊﾏｼﾅｶｸ","ｺﾐﾅﾄﾁｮｳ","神奈川県","横浜市中区","小港町",0,0,1,0,0,0
14104,"231  ","2310848","ｶﾅｶﾞﾜｹﾝ","ﾖｺﾊﾏｼﾅｶｸ","ｻｷﾞﾔﾏ","神奈川県","横浜市中区","鷺山",0,0,0,0,0,0
14104,"231  ","2310062","ｶﾅｶﾞﾜｹﾝ","ﾖｺﾊﾏｼﾅｶｸ","ｻｸﾗｷﾞﾁｮｳ","神奈川県","横浜市中区","桜木町",0,0,1,0,0,0
14104,"231  ","2310001","ｶﾅｶﾞﾜｹﾝ","ﾖｺﾊﾏｼﾅｶｸ","ｼﾝｺｳ","神奈川県","横浜市中区","新港",0,0,1,0,0,0
14104,"231  ","2310801","ｶﾅｶﾞﾜｹﾝ","ﾖｺﾊﾏｼﾅｶｸ","ｼﾝﾔﾏｼﾀ","神奈川県","横浜市中区","新山下",0,0,1,0,0,0
14104,"231  ","2310046","ｶﾅｶﾞﾜｹﾝ","ﾖｺﾊﾏｼﾅｶｸ","ｽｴﾋﾛﾁｮｳ","神奈川県","横浜市中区","末広町",0,0,1,0,0,0
14104,"231  ","2310055","ｶﾅｶﾞﾜｹﾝ","ﾖｺﾊﾏｼﾅｶｸ","ｽｴﾖｼﾁｮｳ","神奈川県","横浜市中区","末吉町",0,0,1,0,0,0
14104,"231  ","2310013","ｶﾅｶﾞﾜｹﾝ","ﾖｺﾊﾏｼﾅｶｸ","ｽﾐﾖｼﾁｮｳ","神奈川県","横浜市中区","住吉町",0,0,1,0,0,0
14104,"231  ","2310863","ｶﾅｶﾞﾜｹﾝ","ﾖｺﾊﾏｼﾅｶｸ","ｽﾜﾁｮｳ","神奈川県","横浜市中区","諏訪町",0,0,0,0,0,0
14104,"231  ","2310837","ｶﾅｶﾞﾜｹﾝ","ﾖｺﾊﾏｼﾅｶｸ","ﾀｷﾉｳｴ","神奈川県","横浜市中区","滝之上",0,0,0,0,0,0
14104,"231  ","2310847","ｶﾅｶﾞﾜｹﾝ","ﾖｺﾊﾏｼﾅｶｸ","ﾀｹﾉﾏﾙ","神奈川県","横浜市中区","竹之丸",0,0,0,0,0,0
14104,"231  ","2310845","ｶﾅｶﾞﾜｹﾝ","ﾖｺﾊﾏｼﾅｶｸ","ﾀﾃﾉ","神奈川県","横浜市中区","立野",0,0,0,0,0,0
14104,"231  ","2310035","ｶﾅｶﾞﾜｹﾝ","ﾖｺﾊﾏｼﾅｶｸ","ﾁﾄｾﾁｮｳ","神奈川県","横浜市中区","千歳町",0,0,0,0,0,0
14104,"231  ","2310815","ｶﾅｶﾞﾜｹﾝ","ﾖｺﾊﾏｼﾅｶｸ","ﾁﾄﾞﾘﾁｮｳ","神奈川県","横浜市中区","千鳥町",0,0,0,0,0,0
14104,"231  ","2310033","ｶﾅｶﾞﾜｹﾝ","ﾖｺﾊﾏｼﾅｶｸ","ﾁｮｳｼﾞｬﾏﾁ","神奈川県","横浜市中区","長者町",0,0,1,0,0,0
14104,"231  ","2310864","ｶﾅｶﾞﾜｹﾝ","ﾖｺﾊﾏｼﾅｶｸ","ﾁﾖｻﾞｷﾁｮｳ","神奈川県","横浜市中区","千代崎町",0,0,1,0,0,0
14104,"231  ","2310857","ｶﾅｶﾞﾜｹﾝ","ﾖｺﾊﾏｼﾅｶｸ","ﾂｶｺﾞｼ","神奈川県","横浜市中区","塚越",0,0,0,0,0,0
14104,"231  ","2310855","ｶﾅｶﾞﾜｹﾝ","ﾖｺﾊﾏｼﾅｶｸ","ﾃﾗｸﾎﾞ","神奈川県","横浜市中区","寺久保",0,0,0,0,0,0
14104,"231  ","2310014","ｶﾅｶﾞﾜｹﾝ","ﾖｺﾊﾏｼﾅｶｸ","ﾄｷﾜﾁｮｳ","神奈川県","横浜市中区","常盤町",0,0,1,0,0,0
14104,"231  ","2310814","ｶﾅｶﾞﾜｹﾝ","ﾖｺﾊﾏｼﾅｶｸ","ﾄﾖｳﾗﾁｮｳ","神奈川県","横浜市中区","豊浦町",0,0,0,0,0,0
14104,"231  ","2310839","ｶﾅｶﾞﾜｹﾝ","ﾖｺﾊﾏｼﾅｶｸ","ﾅｶｵﾀﾞｲ","神奈川県","横浜市中区","仲尾台",0,0,0,0,0,0
14104,"231  ","2310812","ｶﾅｶﾞﾜｹﾝ","ﾖｺﾊﾏｼﾅｶｸ","ﾆｼｷﾁｮｳ","神奈川県","横浜市中区","錦町",0,0,0,0,0,0
14104,"231  ","2310852","ｶﾅｶﾞﾜｹﾝ","ﾖｺﾊﾏｼﾅｶｸ","ﾆｼﾀｹﾉﾏﾙ","神奈川県","横浜市中区","西竹之丸",0,0,0,0,0,0
14104,"231  ","2310844","ｶﾅｶﾞﾜｹﾝ","ﾖｺﾊﾏｼﾅｶｸ","ﾆｼﾉﾔﾁｮｳ","神奈川県","横浜市中区","西之谷町",0,0,0,0,0,0
14104,"231  ","2310021","ｶﾅｶﾞﾜｹﾝ","ﾖｺﾊﾏｼﾅｶｸ","ﾆﾎﾝｵｵﾄﾞｵﾘ","神奈川県","横浜市中区","日本大通",0,0,0,0,0,0
14104,"231  ","2310854","ｶﾅｶﾞﾜｹﾝ","ﾖｺﾊﾏｼﾅｶｸ","ﾈｷﾞｼｱｻﾋﾀﾞｲ","神奈川県","横浜市中区","根岸旭台",0,0,0,0,0,0
14104,"231  ","2310835","ｶﾅｶﾞﾜｹﾝ","ﾖｺﾊﾏｼﾅｶｸ","ﾈｷﾞｼｶｿﾞｳﾀﾞｲ","神奈川県","横浜市中区","根岸加曽台",0,0,0,0,0,0
14104,"231  ","2310853","ｶﾅｶﾞﾜｹﾝ","ﾖｺﾊﾏｼﾅｶｸ","ﾈｷﾞｼﾀﾞｲ","神奈川県","横浜市中区","根岸台",0,0,0,0,0,0
14104,"231  ","2310836","ｶﾅｶﾞﾜｹﾝ","ﾖｺﾊﾏｼﾅｶｸ","ﾈｷﾞｼﾁｮｳ","神奈川県","横浜市中区","根岸町",0,0,1,0,0,0
14104,"231  ","2310064","ｶﾅｶﾞﾜｹﾝ","ﾖｺﾊﾏｼﾅｶｸ","ﾉｹﾞﾁｮｳ","神奈川県","横浜市中区","野毛町",0,0,1,0,0,0
14104,"231  ","2310047","ｶﾅｶﾞﾜｹﾝ","ﾖｺﾊﾏｼﾅｶｸ","ﾊｺﾞﾛﾓﾁｮｳ","神奈川県","横浜市中区","羽衣町",0,0,1,0,0,0
14104,"231  ","2310053","ｶﾅｶﾞﾜｹﾝ","ﾖｺﾊﾏｼﾅｶｸ","ﾊﾂﾈﾁｮｳ","神奈川県","横浜市中区","初音町",0,0,1,0,0,0
14104,"231  ","2310063","ｶﾅｶﾞﾜｹﾝ","ﾖｺﾊﾏｼﾅｶｸ","ﾊﾅｻｷﾁｮｳ","神奈川県","横浜市中区","花咲町",0,0,1,0,0,0
14104,"231  ","2310052","ｶﾅｶﾞﾜｹﾝ","ﾖｺﾊﾏｼﾅｶｸ","ﾊﾅﾌﾞｻﾁｮｳ","神奈川県","横浜市中区","英町",0,0,0,0,0,0
14104,"231  ","2310031","ｶﾅｶﾞﾜｹﾝ","ﾖｺﾊﾏｼﾅｶｸ","ﾊﾞﾝﾀﾞｲﾁｮｳ","神奈川県","横浜市中区","万代町",0,0,1,0,0,0
14104,"231  ","2310066","ｶﾅｶﾞﾜｹﾝ","ﾖｺﾊﾏｼﾅｶｸ","ﾋﾉﾃﾞﾁｮｳ","神奈川県","横浜市中区","日ノ出町",0,0,1,0,0,0
14104,"231  ","2310043","ｶﾅｶﾞﾜｹﾝ","ﾖｺﾊﾏｼﾅｶｸ","ﾌｸﾄﾐﾁｮｳﾅｶﾄﾞｵﾘ","神奈川県","横浜市中区","福富町仲通",0,0,0,0,0,0
14104,"231  ","2310044","ｶﾅｶﾞﾜｹﾝ","ﾖｺﾊﾏｼﾅｶｸ","ﾌｸﾄﾐﾁｮｳﾋｶﾞｼﾄﾞｵﾘ","神奈川県","横浜市中区","福富町東通",0,0,0,0,0,0
14104,"231  ","2310042","ｶﾅｶﾞﾜｹﾝ","ﾖｺﾊﾏｼﾅｶｸ","ﾌｸﾄﾐﾁｮｳﾆｼﾄﾞｵﾘ","神奈川県","横浜市中区","福富町西通",0,0,0,0,0,0
14104,"231  ","2310037","ｶﾅｶﾞﾜｹﾝ","ﾖｺﾊﾏｼﾅｶｸ","ﾌｼﾞﾐﾁｮｳ","神奈川県","横浜市中区","富士見町",0,0,0,0,0,0
14104,"231  ","2310032","ｶﾅｶﾞﾜｹﾝ","ﾖｺﾊﾏｼﾅｶｸ","ﾌﾛｳﾁｮｳ","神奈川県","横浜市中区","不老町",0,0,1,0,0,0
14104,"231  ","2310007","ｶﾅｶﾞﾜｹﾝ","ﾖｺﾊﾏｼﾅｶｸ","ﾍﾞﾝﾃﾝﾄﾞｵﾘ","神奈川県","横浜市中区","弁天通",0,0,1,0,0,0
14104,"231  ","2310048","ｶﾅｶﾞﾜｹﾝ","ﾖｺﾊﾏｼﾅｶｸ","ﾎｳﾗｲﾁｮｳ","神奈川県","横浜市中区","蓬莱町",0,0,1,0,0,0
14104,"231  ","2310843","ｶﾅｶﾞﾜｹﾝ","ﾖｺﾊﾏｼﾅｶｸ","ﾎﾝｺﾞｳﾁｮｳ","神奈川県","横浜市中区","本郷町",0,0,1,0,0,0
14104,"231  ","2310005","ｶﾅｶﾞﾜｹﾝ","ﾖｺﾊﾏｼﾅｶｸ","ﾎﾝﾁｮｳ","神奈川県","横浜市中区","本町",0,0,1,0,0,0
14104,"231  ","2310826","ｶﾅｶﾞﾜｹﾝ","ﾖｺﾊﾏｼﾅｶｸ","ﾎﾝﾓｸｱﾗｲ","神奈川県","横浜市中区","本牧荒井",0,0,0,0,0,0
14104,"231  ","2310823","ｶﾅｶﾞﾜｹﾝ","ﾖｺﾊﾏｼﾅｶｸ","ﾎﾝﾓｸｵｵｻﾄﾁｮｳ","神奈川県","横浜市中区","本牧大里町",0,0,0,0,0,0
14104,"231  ","2310824","ｶﾅｶﾞﾜｹﾝ","ﾖｺﾊﾏｼﾅｶｸ","ﾎﾝﾓｸｻﾝﾉﾀﾆ","神奈川県","横浜市中区","本牧三之谷",0,0,0,0,0,0
14104,"231  ","2310803","ｶﾅｶﾞﾜｹﾝ","ﾖｺﾊﾏｼﾅｶｸ","ﾎﾝﾓｸｼﾞｭｳﾆﾃﾝ","神奈川県","横浜市中区","本牧十二天",0,0,0,0,0,0
14104,"231  ","2310821","ｶﾅｶﾞﾜｹﾝ","ﾖｺﾊﾏｼﾅｶｸ","ﾎﾝﾓｸﾊﾗ","神奈川県","横浜市中区","本牧原",0,0,0,0,0,0
14104,"231  ","2310811","ｶﾅｶﾞﾜｹﾝ","ﾖｺﾊﾏｼﾅｶｸ","ﾎﾝﾓｸﾌﾄｳ","神奈川県","横浜市中区","本牧ふ頭",0,0,0,0,0,0
14104,"231  ","2310825","ｶﾅｶﾞﾜｹﾝ","ﾖｺﾊﾏｼﾅｶｸ","ﾎﾝﾓｸﾏｶﾄﾞ","神奈川県","横浜市中区","本牧間門",0,0,0,0,0,0
14104,"231  ","2310833","ｶﾅｶﾞﾜｹﾝ","ﾖｺﾊﾏｼﾅｶｸ","ﾎﾝﾓｸﾏﾝｻﾞｶ","神奈川県","横浜市中区","本牧満坂",0,0,0,0,0,0
14104,"231  ","2310832","ｶﾅｶﾞﾜｹﾝ","ﾖｺﾊﾏｼﾅｶｸ","ﾎﾝﾓｸﾐﾄﾞﾘｶﾞｵｶ","神奈川県","横浜市中区","本牧緑ケ丘",0,0,0,0,0,0
14104,"231  ","2310804","ｶﾅｶﾞﾜｹﾝ","ﾖｺﾊﾏｼﾅｶｸ","ﾎﾝﾓｸﾐﾔﾊﾞﾗ","神奈川県","横浜市中区","本牧宮原",0,0,0,0,0,0
14104,"231  ","2310822","ｶﾅｶﾞﾜｹﾝ","ﾖｺﾊﾏｼﾅｶｸ","ﾎﾝﾓｸﾓﾄﾏﾁ","神奈川県","横浜市中区","本牧元町",0,0,0,0,0,0
14104,"231  ","2310827","ｶﾅｶﾞﾜｹﾝ","ﾖｺﾊﾏｼﾅｶｸ","ﾎﾝﾓｸﾜﾀﾞ","神奈川県","横浜市中区","本牧和田",0,0,0,0,0,0
14104,"231  ","2310806","ｶﾅｶﾞﾜｹﾝ","ﾖｺﾊﾏｼﾅｶｸ","ﾎﾝﾓｸﾁｮｳ","神奈川県","横浜市中区","本牧町",0,0,1,0,0,0
14104,"231  ","2310016","ｶﾅｶﾞﾜｹﾝ","ﾖｺﾊﾏｼﾅｶｸ","ﾏｻｺﾞﾁｮｳ","神奈川県","横浜市中区","真砂町",0,0,1,0,0,0
14104,"231  ","2310025","ｶﾅｶﾞﾜｹﾝ","ﾖｺﾊﾏｼﾅｶｸ","ﾏﾂｶｹﾞﾁｮｳ","神奈川県","横浜市中区","松影町",0,0,1,0,0,0
14104,"231  ","2310838","ｶﾅｶﾞﾜｹﾝ","ﾖｺﾊﾏｼﾅｶｸ","ﾏﾒｸﾞﾁﾀﾞｲ","神奈川県","横浜市中区","豆口台",0,0,0,0,0,0
14104,"231  ","2310017","ｶﾅｶﾞﾜｹﾝ","ﾖｺﾊﾏｼﾅｶｸ","ﾐﾅﾄﾁｮｳ","神奈川県","横浜市中区","港町",0,0,1,0,0,0
14104,"231  ","2310006","ｶﾅｶﾞﾜｹﾝ","ﾖｺﾊﾏｼﾅｶｸ","ﾐﾅﾐﾅｶﾄﾞｵﾘ","神奈川県","横浜市中区","南仲通",0,0,1,0,0,0
14104,"231  ","2310816","ｶﾅｶﾞﾜｹﾝ","ﾖｺﾊﾏｼﾅｶｸ","ﾐﾅﾐﾎﾝﾓｸ","神奈川県","横浜市中区","南本牧",0,0,0,0,0,0
14104,"231  ","2310856","ｶﾅｶﾞﾜｹﾝ","ﾖｺﾊﾏｼﾅｶｸ","ﾐﾉｻﾜ","神奈川県","横浜市中区","簑沢",0,0,0,0,0,0
14104,"231  ","2310065","ｶﾅｶﾞﾜｹﾝ","ﾖｺﾊﾏｼﾅｶｸ","ﾐﾔｶﾞﾜﾁｮｳ","神奈川県","横浜市中区","宮川町",0,0,1,0,0,0
14104,"231  ","2310841","ｶﾅｶﾞﾜｹﾝ","ﾖｺﾊﾏｼﾅｶｸ","ﾐｮｳｺｳｼﾞﾀﾞｲ","神奈川県","横浜市中区","妙香寺台",0,0,0,0,0,0
14104,"231  ","2310034","ｶﾅｶﾞﾜｹﾝ","ﾖｺﾊﾏｼﾅｶｸ","ﾐﾖｼﾁｮｳ","神奈川県","横浜市中区","三吉町",0,0,0,0,0,0
14104,"231  ","2310849","ｶﾅｶﾞﾜｹﾝ","ﾖｺﾊﾏｼﾅｶｸ","ﾑｷﾞﾀﾁｮｳ","神奈川県","横浜市中区","麦田町",0,0,1,0,0,0
14104,"231  ","2310004","ｶﾅｶﾞﾜｹﾝ","ﾖｺﾊﾏｼﾅｶｸ","ﾓﾄﾊﾏﾁｮｳ","神奈川県","横浜市中区","元浜町",0,0,1,0,0,0
14104,"231  ","2310861","ｶﾅｶﾞﾜｹﾝ","ﾖｺﾊﾏｼﾅｶｸ","ﾓﾄﾏﾁ","神奈川県","横浜市中区","元町",0,0,1,0,0,0
14104,"231  ","2310831","ｶﾅｶﾞﾜｹﾝ","ﾖｺﾊﾏｼﾅｶｸ","ﾔｸﾞﾁﾀﾞｲ","神奈川県","横浜市中区","矢口台",0,0,0,0,0,0
14104,"231  ","2310023","ｶﾅｶﾞﾜｹﾝ","ﾖｺﾊﾏｼﾅｶｸ","ﾔﾏｼﾀﾁｮｳ","神奈川県","横浜市中区","山下町",0,0,0,0,0,0
14104,"231  ","2310036","ｶﾅｶﾞﾜｹﾝ","ﾖｺﾊﾏｼﾅｶｸ","ﾔﾏﾀﾞﾁｮｳ","神奈川県","横浜市中区","山田町",0,0,0,0,0,0
14104,"231  ","2310862","ｶﾅｶﾞﾜｹﾝ","ﾖｺﾊﾏｼﾅｶｸ","ﾔﾏﾃﾁｮｳ","神奈川県","横浜市中区","山手町",0,0,0,0,0,0
14104,"231  ","2310846","ｶﾅｶﾞﾜｹﾝ","ﾖｺﾊﾏｼﾅｶｸ","ﾔﾏﾄﾁｮｳ","神奈川県","横浜市中区","大和町",0,0,1,0,0,0
14104,"231  ","2310038","ｶﾅｶﾞﾜｹﾝ","ﾖｺﾊﾏｼﾅｶｸ","ﾔﾏﾌﾞｷﾁｮｳ","神奈川県","横浜市中区","山吹町",0,0,0,0,0,0
14104,"231  ","2310851","ｶﾅｶﾞﾜｹﾝ","ﾖｺﾊﾏｼﾅｶｸ","ﾔﾏﾓﾄﾁｮｳ","神奈川県","横浜市中区","山元町",0,0,1,0,0,0
14104,"231  ","2310058","ｶﾅｶﾞﾜｹﾝ","ﾖｺﾊﾏｼﾅｶｸ","ﾔﾖｲﾁｮｳ","神奈川県","横浜市中区","弥生町",0,0,1,0,0,0
14104,"231  ","2310022","ｶﾅｶﾞﾜｹﾝ","ﾖｺﾊﾏｼﾅｶｸ","ﾖｺﾊﾏｺｳｴﾝ","神奈川県","横浜市中区","横浜公園",0,0,0,0,0,0
14104,"231  ","2310041","ｶﾅｶﾞﾜｹﾝ","ﾖｺﾊﾏｼﾅｶｸ","ﾖｼﾀﾞﾏﾁ","神奈川県","横浜市中区","吉田町",0,0,0,0,0,0
14104,"231  ","2310024","ｶﾅｶﾞﾜｹﾝ","ﾖｺﾊﾏｼﾅｶｸ","ﾖｼﾊﾏﾁｮｳ","神奈川県","横浜市中区","吉浜町",0,0,0,0,0,0
14104,"231  ","2310056","ｶﾅｶﾞﾜｹﾝ","ﾖｺﾊﾏｼﾅｶｸ","ﾜｶﾊﾞﾁｮｳ","神奈川県","横浜市中区","若葉町",0,0,1,0,0,0
14104,"231  ","2310805","ｶﾅｶﾞﾜｹﾝ","ﾖｺﾊﾏｼﾅｶｸ","ﾜﾀﾞﾔﾏ","神奈川県","横浜市中区","和田山",0,0,0,0,0,0
14105,"232  ","2320000","ｶﾅｶﾞﾜｹﾝ","ﾖｺﾊﾏｼﾐﾅﾐｸ","ｲｶﾆｹｲｻｲｶﾞﾅｲﾊﾞｱｲ","神奈川県","横浜市南区","以下に掲載がない場合",0,0,0,0,0,0
14105,"232  ","2320051","ｶﾅｶﾞﾜｹﾝ","ﾖｺﾊﾏｼﾐﾅﾐｸ","ｲﾄﾞｶﾞﾔｶﾐﾏﾁ","神奈川県","横浜市南区","井土ケ谷上町",0,0,0,0,0,0
14105,"232  ","2320052","ｶﾅｶﾞﾜｹﾝ","ﾖｺﾊﾏｼﾐﾅﾐｸ","ｲﾄﾞｶﾞﾔﾅｶﾏﾁ","神奈川県","横浜市南区","井土ケ谷中町",0,0,0,0,0,0
14105,"232  ","2320053","ｶﾅｶﾞﾜｹﾝ","ﾖｺﾊﾏｼﾐﾅﾐｸ","ｲﾄﾞｶﾞﾔｼﾓﾏﾁ","神奈川県","横浜市南区","井土ケ谷下町",0,0,0,0,0,0
14105,"232  ","2320024","ｶﾅｶﾞﾜｹﾝ","ﾖｺﾊﾏｼﾐﾅﾐｸ","ｳﾗﾌﾈﾁｮｳ","神奈川県","横浜市南区","浦舟町",0,0,1,0,0,0
14105,"232  ","2320031","ｶﾅｶﾞﾜｹﾝ","ﾖｺﾊﾏｼﾐﾅﾐｸ","ｴｲﾗｸﾁｮｳ","神奈川県","横浜市南区","永楽町",0,0,1,0,0,0
14105,"232  ","2320044","ｶﾅｶﾞﾜｹﾝ","ﾖｺﾊﾏｼﾐﾅﾐｸ","ｴﾉｷﾁｮｳ","神奈川県","横浜市南区","榎町",0,0,1,0,0,0
14105,"232  ","2320061","ｶﾅｶﾞﾜｹﾝ","ﾖｺﾊﾏｼﾐﾅﾐｸ","ｵｵｵｶ","神奈川県","横浜市南区","大岡",0,0,1,0,0,0
14105,"232  ","2320054","ｶﾅｶﾞﾜｹﾝ","ﾖｺﾊﾏｼﾐﾅﾐｸ","ｵｵﾊｼﾁｮｳ","神奈川県","横浜市南区","大橋町",0,0,1,0,0,0
14105,"232  ","2320008","ｶﾅｶﾞﾜｹﾝ","ﾖｺﾊﾏｼﾐﾅﾐｸ","ｶﾉｴﾀﾞｲ","神奈川県","横浜市南区","庚台",0,0,0,0,0,0
14105,"232  ","2320034","ｶﾅｶﾞﾜｹﾝ","ﾖｺﾊﾏｼﾐﾅﾐｸ","ｶﾗｻﾜ","神奈川県","横浜市南区","唐沢",0,0,0,0,0,0
14105,"232  ","2320015","ｶﾅｶﾞﾜｹﾝ","ﾖｺﾊﾏｼﾐﾅﾐｸ","ｷｮｳｼﾝﾁｮｳ","神奈川県","横浜市南区","共進町",0,0,1,0,0,0
14105,"232  ","2320067","ｶﾅｶﾞﾜｹﾝ","ﾖｺﾊﾏｼﾐﾅﾐｸ","ｸﾞﾐｮｳｼﾞﾁｮｳ","神奈川県","横浜市南区","弘明寺町",0,0,0,0,0,0
14105,"232  ","2320013","ｶﾅｶﾞﾜｹﾝ","ﾖｺﾊﾏｼﾐﾅﾐｸ","ｻﾝﾉｳﾁｮｳ","神奈川県","横浜市南区","山王町",0,0,1,0,0,0
14105,"232  ","2320036","ｶﾅｶﾞﾜｹﾝ","ﾖｺﾊﾏｼﾐﾅﾐｸ","ｻﾝﾔ","神奈川県","横浜市南区","山谷",0,0,0,0,0,0
14105,"232  ","2320007","ｶﾅｶﾞﾜｹﾝ","ﾖｺﾊﾏｼﾐﾅﾐｸ","ｼﾐｽﾞｶﾞｵｶ","神奈川県","横浜市南区","清水ケ丘",0,0,0,0,0,0
14105,"232  ","2320017","ｶﾅｶﾞﾜｹﾝ","ﾖｺﾊﾏｼﾐﾅﾐｸ","ｼｭｸﾁｮｳ","神奈川県","横浜市南区","宿町",0,0,1,0,0,0
14105,"232  ","2320005","ｶﾅｶﾞﾜｹﾝ","ﾖｺﾊﾏｼﾐﾅﾐｸ","ｼﾛｶﾞﾈﾁｮｳ","神奈川県","横浜市南区","白金町",0,0,1,0,0,0
14105,"232  ","2320023","ｶﾅｶﾞﾜｹﾝ","ﾖｺﾊﾏｼﾐﾅﾐｸ","ｼﾛﾀｴﾁｮｳ","神奈川県","横浜市南区","白妙町",0,0,1,0,0,0
14105,"232  ","2320027","ｶﾅｶﾞﾜｹﾝ","ﾖｺﾊﾏｼﾐﾅﾐｸ","ｼﾝｶﾜﾁｮｳ","神奈川県","横浜市南区","新川町",0,0,1,0,0,0
14105,"232  ","2320025","ｶﾅｶﾞﾜｹﾝ","ﾖｺﾊﾏｼﾐﾅﾐｸ","ﾀｶｻｺﾞﾁｮｳ","神奈川県","横浜市南区","高砂町",0,0,1,0,0,0
14105,"232  ","2320022","ｶﾅｶﾞﾜｹﾝ","ﾖｺﾊﾏｼﾐﾅﾐｸ","ﾀｶﾈﾁｮｳ","神奈川県","横浜市南区","高根町",0,0,1,0,0,0
14105,"232  ","2320056","ｶﾅｶﾞﾜｹﾝ","ﾖｺﾊﾏｼﾐﾅﾐｸ","ﾄｵﾘﾁｮｳ","神奈川県","横浜市南区","通町",0,0,1,0,0,0
14105,"232  ","2320063","ｶﾅｶﾞﾜｹﾝ","ﾖｺﾊﾏｼﾐﾅﾐｸ","ﾅｶｻﾞﾄ","神奈川県","横浜市南区","中里",0,0,1,0,0,0
14105,"232  ","2320062","ｶﾅｶﾞﾜｹﾝ","ﾖｺﾊﾏｼﾐﾅﾐｸ","ﾅｶｻﾞﾄﾁｮｳ","神奈川県","横浜市南区","中里町",0,0,0,0,0,0
14105,"232  ","2320055","ｶﾅｶﾞﾜｹﾝ","ﾖｺﾊﾏｼﾐﾅﾐｸ","ﾅｶｼﾞﾏﾁｮｳ","神奈川県","横浜市南区","中島町",0,0,1,0,0,0
14105,"232  ","2320033","ｶﾅｶﾞﾜｹﾝ","ﾖｺﾊﾏｼﾐﾅﾐｸ","ﾅｶﾑﾗﾁｮｳ","神奈川県","横浜市南区","中村町",0,0,1,0,0,0
14105,"232  ","2320074","ｶﾅｶﾞﾜｹﾝ","ﾖｺﾊﾏｼﾐﾅﾐｸ","ﾅｶﾞﾀｻﾝﾉｳﾀﾞｲ","神奈川県","横浜市南区","永田山王台",0,0,0,0,0,0
14105,"232  ","2320076","ｶﾅｶﾞﾜｹﾝ","ﾖｺﾊﾏｼﾐﾅﾐｸ","ﾅｶﾞﾀﾀﾞｲ","神奈川県","横浜市南区","永田台",0,0,0,0,0,0
14105,"232  ","2320075","ｶﾅｶﾞﾜｹﾝ","ﾖｺﾊﾏｼﾐﾅﾐｸ","ﾅｶﾞﾀﾐﾅﾐﾀﾞｲ","神奈川県","横浜市南区","永田みなみ台",0,0,0,0,0,0
14105,"232  ","2320072","ｶﾅｶﾞﾜｹﾝ","ﾖｺﾊﾏｼﾐﾅﾐｸ","ﾅｶﾞﾀﾋｶﾞｼ","神奈川県","横浜市南区","永田東",0,0,1,0,0,0
14105,"232  ","2320073","ｶﾅｶﾞﾜｹﾝ","ﾖｺﾊﾏｼﾐﾅﾐｸ","ﾅｶﾞﾀﾐﾅﾐ","神奈川県","横浜市南区","永田南",0,0,1,0,0,0
14105,"232  ","2320071","ｶﾅｶﾞﾜｹﾝ","ﾖｺﾊﾏｼﾐﾅﾐｸ","ﾅｶﾞﾀｷﾀ","神奈川県","横浜市南区","永田北",0,0,1,0,0,0
14105,"232  ","2320003","ｶﾅｶﾞﾜｹﾝ","ﾖｺﾊﾏｼﾐﾅﾐｸ","ﾆｼﾅｶﾁｮｳ","神奈川県","横浜市南区","西中町",0,0,1,0,0,0
14105,"232  ","2320037","ｶﾅｶﾞﾜｹﾝ","ﾖｺﾊﾏｼﾐﾅﾐｸ","ﾊﾁﾏﾝﾁｮｳ","神奈川県","横浜市南区","八幡町",0,0,0,0,0,0
14105,"232  ","2320018","ｶﾅｶﾞﾜｹﾝ","ﾖｺﾊﾏｼﾐﾅﾐｸ","ﾊﾅﾉｷﾁｮｳ","神奈川県","横浜市南区","花之木町",0,0,1,0,0,0
14105,"232  ","2320011","ｶﾅｶﾞﾜｹﾝ","ﾖｺﾊﾏｼﾐﾅﾐｸ","ﾋｴﾁｮｳ","神奈川県","横浜市南区","日枝町",0,0,1,0,0,0
14105,"232  ","2320045","ｶﾅｶﾞﾜｹﾝ","ﾖｺﾊﾏｼﾐﾅﾐｸ","ﾋｶﾞｼﾏｲﾀﾏﾁ","神奈川県","横浜市南区","東蒔田町",0,0,0,0,0,0
14105,"232  ","2320001","ｶﾅｶﾞﾜｹﾝ","ﾖｺﾊﾏｼﾐﾅﾐｸ","ﾌｼﾐﾁｮｳ","神奈川県","横浜市南区","伏見町",0,0,0,0,0,0
14105,"232  ","2320026","ｶﾅｶﾞﾜｹﾝ","ﾖｺﾊﾏｼﾐﾅﾐｸ","ﾌﾀﾊﾞﾁｮｳ","神奈川県","横浜市南区","二葉町",0,0,1,0,0,0
14105,"232  ","2320035","ｶﾅｶﾞﾜｹﾝ","ﾖｺﾊﾏｼﾐﾅﾐｸ","ﾍｲﾗｸ","神奈川県","横浜市南区","平楽",0,0,0,0,0,0
14105,"232  ","2320064","ｶﾅｶﾞﾜｹﾝ","ﾖｺﾊﾏｼﾐﾅﾐｸ","ﾍﾞｯｼｮ","神奈川県","横浜市南区","別所",0,0,1,0,0,0
14105,"232  ","2320065","ｶﾅｶﾞﾜｹﾝ","ﾖｺﾊﾏｼﾐﾅﾐｸ","ﾍﾞｯｼｮﾅｶｻﾞﾄﾀﾞｲ","神奈川県","横浜市南区","別所中里台",0,0,0,0,0,0
14105,"232  ","2320042","ｶﾅｶﾞﾜｹﾝ","ﾖｺﾊﾏｼﾐﾅﾐｸ","ﾎﾘﾉｳﾁﾁｮｳ","神奈川県","横浜市南区","堀ノ内町",0,0,1,0,0,0
14105,"232  ","2320043","ｶﾅｶﾞﾜｹﾝ","ﾖｺﾊﾏｼﾐﾅﾐｸ","ﾏｲﾀﾁｮｳ","神奈川県","横浜市南区","蒔田町",0,0,0,0,0,0
14105,"232  ","2320004","ｶﾅｶﾞﾜｹﾝ","ﾖｺﾊﾏｼﾐﾅﾐｸ","ﾏｴｻﾄﾁｮｳ","神奈川県","横浜市南区","前里町",0,0,1,0,0,0
14105,"232  ","2320021","ｶﾅｶﾞﾜｹﾝ","ﾖｺﾊﾏｼﾐﾅﾐｸ","ﾏｶﾞﾈﾁｮｳ","神奈川県","横浜市南区","真金町",0,0,1,0,0,0
14105,"232  ","2320032","ｶﾅｶﾞﾜｹﾝ","ﾖｺﾊﾏｼﾐﾅﾐｸ","ﾏﾝｾｲﾁｮｳ","神奈川県","横浜市南区","万世町",0,0,1,0,0,0
14105,"232  ","2320006","ｶﾅｶﾞﾜｹﾝ","ﾖｺﾊﾏｼﾐﾅﾐｸ","ﾐﾅﾐｵｵﾀ","神奈川県","横浜市南区","南太田",0,0,1,0,0,0
14105,"232  ","2320012","ｶﾅｶﾞﾜｹﾝ","ﾖｺﾊﾏｼﾐﾅﾐｸ","ﾐﾅﾐﾖｼﾀﾞﾁｮｳ","神奈川県","横浜市南区","南吉田町",0,0,1,0,0,0
14105,"232  ","2320002","ｶﾅｶﾞﾜｹﾝ","ﾖｺﾊﾏｼﾐﾅﾐｸ","ﾐﾊﾙﾀﾞｲ","神奈川県","横浜市南区","三春台",0,0,0,0,0,0
14105,"232  ","2320016","ｶﾅｶﾞﾜｹﾝ","ﾖｺﾊﾏｼﾐﾅﾐｸ","ﾐﾔﾓﾄﾁｮｳ","神奈川県","横浜市南区","宮元町",0,0,1,0,0,0
14105,"232  ","2320066","ｶﾅｶﾞﾜｹﾝ","ﾖｺﾊﾏｼﾐﾅﾐｸ","ﾑﾂｶﾜ","神奈川県","横浜市南区","六ツ川",0,0,1,0,0,0
14105,"232  ","2320041","ｶﾅｶﾞﾜｹﾝ","ﾖｺﾊﾏｼﾐﾅﾐｸ","ﾑﾂﾐﾁｮｳ","神奈川県","横浜市南区","睦町",0,0,1,0,0,0
14105,"232  ","2320014","ｶﾅｶﾞﾜｹﾝ","ﾖｺﾊﾏｼﾐﾅﾐｸ","ﾖｼﾉﾁｮｳ","神奈川県","横浜市南区","吉野町",0,0,1,0,0,0
14105,"232  ","2320057","ｶﾅｶﾞﾜｹﾝ","ﾖｺﾊﾏｼﾐﾅﾐｸ","ﾜｶﾐﾔﾁｮｳ","神奈川県","横浜市南区","若宮町",0,0,1,0,0,0
14106,"240  ","2400000","ｶﾅｶﾞﾜｹﾝ","ﾖｺﾊﾏｼﾎﾄﾞｶﾞﾔｸ","ｲｶﾆｹｲｻｲｶﾞﾅｲﾊﾞｱｲ","神奈川県","横浜市保土ケ谷区","以下に掲載がない場合",0,0,0,0,0,0
14106,"240  ","2400053","ｶﾅｶﾞﾜｹﾝ","ﾖｺﾊﾏｼﾎﾄﾞｶﾞﾔｸ","ｱﾗｲﾁｮｳ","神奈川県","横浜市保土ケ谷区","新井町",0,0,0,0,0,0
14106,"240  ","2400035","ｶﾅｶﾞﾜｹﾝ","ﾖｺﾊﾏｼﾎﾄﾞｶﾞﾔｸ","ｲﾏｲﾁｮｳ","神奈川県","横浜市保土ケ谷区","今井町",0,0,0,0,0,0
14106,"240  ","2400023","ｶﾅｶﾞﾜｹﾝ","ﾖｺﾊﾏｼﾎﾄﾞｶﾞﾔｸ","ｲﾜｲﾁｮｳ","神奈川県","横浜市保土ケ谷区","岩井町",0,0,0,0,0,0
14106,"240  ","2400015","ｶﾅｶﾞﾜｹﾝ","ﾖｺﾊﾏｼﾎﾄﾞｶﾞﾔｸ","ｲﾜｻｷﾁｮｳ","神奈川県","横浜市保土ケ谷区","岩崎町",0,0,0,0,0,0
14106,"240  ","2400004","ｶﾅｶﾞﾜｹﾝ","ﾖｺﾊﾏｼﾎﾄﾞｶﾞﾔｸ","ｲﾜﾏﾁｮｳ","神奈川県","横浜市保土ケ谷区","岩間町",0,0,1,0,0,0
14106,"240  ","2400062","ｶﾅｶﾞﾜｹﾝ","ﾖｺﾊﾏｼﾎﾄﾞｶﾞﾔｸ","ｵｶｻﾞﾜﾁｮｳ","神奈川県","横浜市保土ケ谷区","岡沢町",0,0,0,0,0,0
14106,"240  ","2400014","ｶﾅｶﾞﾜｹﾝ","ﾖｺﾊﾏｼﾎﾄﾞｶﾞﾔｸ","ｶｽﾐﾀﾞｲ","神奈川県","横浜市保土ケ谷区","霞台",0,0,0,0,0,0
14106,"240  ","2400013","ｶﾅｶﾞﾜｹﾝ","ﾖｺﾊﾏｼﾎﾄﾞｶﾞﾔｸ","ｶﾀﾋﾞﾗﾁｮｳ","神奈川県","横浜市保土ケ谷区","帷子町",0,0,1,0,0,0
14106,"240  ","2400066","ｶﾅｶﾞﾜｹﾝ","ﾖｺﾊﾏｼﾎﾄﾞｶﾞﾔｸ","ｶﾏﾀﾞｲﾁｮｳ","神奈川県","横浜市保土ケ谷区","釜台町",0,0,0,0,0,0
14106,"240  ","2400063","ｶﾅｶﾞﾜｹﾝ","ﾖｺﾊﾏｼﾎﾄﾞｶﾞﾔｸ","ｶﾏﾔﾁｮｳ","神奈川県","横浜市保土ケ谷区","鎌谷町",0,0,0,0,0,0
14106,"240  ","2400051","ｶﾅｶﾞﾜｹﾝ","ﾖｺﾊﾏｼﾎﾄﾞｶﾞﾔｸ","ｶﾐｽｹﾞﾀﾞﾁｮｳ","神奈川県","横浜市保土ケ谷区","上菅田町",0,0,0,0,0,0
14106,"240  ","2400042","ｶﾅｶﾞﾜｹﾝ","ﾖｺﾊﾏｼﾎﾄﾞｶﾞﾔｸ","ｶﾐﾎｼｶﾜ","神奈川県","横浜市保土ケ谷区","上星川",0,0,1,0,0,0
14106,"240  ","2400025","ｶﾅｶﾞﾜｹﾝ","ﾖｺﾊﾏｼﾎﾄﾞｶﾞﾔｸ","ｶﾘﾊﾞﾁｮｳ","神奈川県","横浜市保土ケ谷区","狩場町",0,0,0,0,0,0
14106,"240  ","2400045","ｶﾅｶﾞﾜｹﾝ","ﾖｺﾊﾏｼﾎﾄﾞｶﾞﾔｸ","ｶﾜｼﾏﾁｮｳ","神奈川県","横浜市保土ケ谷区","川島町",0,0,0,0,0,0
14106,"240  ","2400001","ｶﾅｶﾞﾜｹﾝ","ﾖｺﾊﾏｼﾎﾄﾞｶﾞﾔｸ","ｶﾜﾍﾞﾁｮｳ","神奈川県","横浜市保土ケ谷区","川辺町",0,0,0,0,0,0
14106,"240  ","2400005","ｶﾅｶﾞﾜｹﾝ","ﾖｺﾊﾏｼﾎﾄﾞｶﾞﾔｸ","ｺﾞｳﾄﾞﾁｮｳ","神奈川県","横浜市保土ケ谷区","神戸町",0,0,0,0,0,0
14106,"240  ","2400026","ｶﾅｶﾞﾜｹﾝ","ﾖｺﾊﾏｼﾎﾄﾞｶﾞﾔｸ","ｺﾞﾝﾀｻﾞｶ","神奈川県","横浜市保土ケ谷区","権太坂",0,0,1,0,0,0
14106,"240  ","2400034","ｶﾅｶﾞﾜｹﾝ","ﾖｺﾊﾏｼﾎﾄﾞｶﾞﾔｸ","ｻｶｲｷﾞﾁｮｳ","神奈川県","横浜市保土ケ谷区","境木町",0,0,0,0,0,0
14106,"240  ","2400033","ｶﾅｶﾞﾜｹﾝ","ﾖｺﾊﾏｼﾎﾄﾞｶﾞﾔｸ","ｻｶｲｷﾞﾎﾝﾁｮｳ","神奈川県","横浜市保土ケ谷区","境木本町",0,0,0,0,0,0
14106,"240  ","2400043","ｶﾅｶﾞﾜｹﾝ","ﾖｺﾊﾏｼﾎﾄﾞｶﾞﾔｸ","ｻｶﾓﾄﾁｮｳ","神奈川県","横浜市保土ケ谷区","坂本町",0,0,0,0,0,0
14106,"240  ","2400011","ｶﾅｶﾞﾜｹﾝ","ﾖｺﾊﾏｼﾎﾄﾞｶﾞﾔｸ","ｻｸﾗｶﾞｵｶ","神奈川県","横浜市保土ケ谷区","桜ケ丘",0,0,1,0,0,0
14106,"240  ","2400036","ｶﾅｶﾞﾜｹﾝ","ﾖｺﾊﾏｼﾎﾄﾞｶﾞﾔｸ","ｼﾝｻｸﾗｶﾞｵｶ","神奈川県","横浜市保土ケ谷区","新桜ケ丘",0,0,1,0,0,0
14106,"240  ","2400024","ｶﾅｶﾞﾜｹﾝ","ﾖｺﾊﾏｼﾎﾄﾞｶﾞﾔｸ","ｾﾄｶﾞﾔﾁｮｳ","神奈川県","横浜市保土ケ谷区","瀬戸ケ谷町",0,0,0,0,0,0
14106,"240  ","2400012","ｶﾅｶﾞﾜｹﾝ","ﾖｺﾊﾏｼﾎﾄﾞｶﾞﾔｸ","ﾂｷﾐﾀﾞｲ","神奈川県","横浜市保土ケ谷区","月見台",0,0,0,0,0,0
14106,"240  ","2400003","ｶﾅｶﾞﾜｹﾝ","ﾖｺﾊﾏｼﾎﾄﾞｶﾞﾔｸ","ﾃﾝﾉｳﾁｮｳ","神奈川県","横浜市保土ケ谷区","天王町",0,0,1,0,0,0
14106,"240  ","2400067","ｶﾅｶﾞﾜｹﾝ","ﾖｺﾊﾏｼﾎﾄﾞｶﾞﾔｸ","ﾄｷﾜﾀﾞｲ","神奈川県","横浜市保土ケ谷区","常盤台",0,0,0,0,0,0
14106,"240  ","2400022","ｶﾅｶﾞﾜｹﾝ","ﾖｺﾊﾏｼﾎﾄﾞｶﾞﾔｸ","ﾆｼｸﾎﾞﾁｮｳ","神奈川県","横浜市保土ケ谷区","西久保町",0,0,0,0,0,0
14106,"240  ","2400052","ｶﾅｶﾞﾜｹﾝ","ﾖｺﾊﾏｼﾎﾄﾞｶﾞﾔｸ","ﾆｼﾔﾏﾁ","神奈川県","横浜市保土ケ谷区","西谷町",0,0,0,0,0,0
14106,"240  ","2400016","ｶﾅｶﾞﾜｹﾝ","ﾖｺﾊﾏｼﾎﾄﾞｶﾞﾔｸ","ﾊﾂﾈｶﾞｵｶ","神奈川県","横浜市保土ケ谷区","初音ケ丘",0,0,0,0,0,0
14106,"240  ","2400017","ｶﾅｶﾞﾜｹﾝ","ﾖｺﾊﾏｼﾎﾄﾞｶﾞﾔｸ","ﾊﾅﾐﾀﾞｲ","神奈川県","横浜市保土ケ谷区","花見台",0,0,0,0,0,0
14106,"240  ","2400041","ｶﾅｶﾞﾜｹﾝ","ﾖｺﾊﾏｼﾎﾄﾞｶﾞﾔｸ","ﾋｶﾞｼｶﾜｼﾏﾁｮｳ","神奈川県","横浜市保土ケ谷区","東川島町",0,0,0,0,0,0
14106,"240  ","2400031","ｶﾅｶﾞﾜｹﾝ","ﾖｺﾊﾏｼﾎﾄﾞｶﾞﾔｸ","ﾌｼﾞﾂｶﾁｮｳ","神奈川県","横浜市保土ケ谷区","藤塚町",0,0,0,0,0,0
14106,"240  ","2400044","ｶﾅｶﾞﾜｹﾝ","ﾖｺﾊﾏｼﾎﾄﾞｶﾞﾔｸ","ﾌﾞｯｺｳﾁｮｳ","神奈川県","横浜市保土ケ谷区","仏向町",0,0,0,0,0,0
14106,"240  ","2400046","ｶﾅｶﾞﾜｹﾝ","ﾖｺﾊﾏｼﾎﾄﾞｶﾞﾔｸ","ﾌﾞｯｺｳﾆｼ","神奈川県","横浜市保土ケ谷区","仏向西",0,0,0,0,0,0
14106,"240  ","2400032","ｶﾅｶﾞﾜｹﾝ","ﾖｺﾊﾏｼﾎﾄﾞｶﾞﾔｸ","ﾎｳｾﾝ","神奈川県","横浜市保土ケ谷区","法泉",0,0,1,0,0,0
14106,"240  ","2400006","ｶﾅｶﾞﾜｹﾝ","ﾖｺﾊﾏｼﾎﾄﾞｶﾞﾔｸ","ﾎｼｶﾜ","神奈川県","横浜市保土ケ谷区","星川",0,0,1,0,0,0
14106,"240  ","2400021","ｶﾅｶﾞﾜｹﾝ","ﾖｺﾊﾏｼﾎﾄﾞｶﾞﾔｸ","ﾎﾄﾞｶﾞﾔﾁｮｳ","神奈川県","横浜市保土ケ谷区","保土ケ谷町",0,0,1,0,0,0
14106,"240  ","2400064","ｶﾅｶﾞﾜｹﾝ","ﾖｺﾊﾏｼﾎﾄﾞｶﾞﾔｸ","ﾐﾈｵｶﾁｮｳ","神奈川県","横浜市保土ケ谷区","峰岡町",0,0,1,0,0,0
14106,"240  ","2400061","ｶﾅｶﾞﾜｹﾝ","ﾖｺﾊﾏｼﾎﾄﾞｶﾞﾔｸ","ﾐﾈｻﾞﾜﾁｮｳ","神奈川県","横浜市保土ケ谷区","峰沢町",0,0,0,0,0,0
14106,"240  ","2400002","ｶﾅｶﾞﾜｹﾝ","ﾖｺﾊﾏｼﾎﾄﾞｶﾞﾔｸ","ﾐﾔﾀﾁｮｳ","神奈川県","横浜市保土ケ谷区","宮田町",0,0,1,0,0,0
14106,"240  ","2400007","ｶﾅｶﾞﾜｹﾝ","ﾖｺﾊﾏｼﾎﾄﾞｶﾞﾔｸ","ﾐｮｳｼﾞﾝﾀﾞｲ","神奈川県","横浜市保土ケ谷区","明神台",0,0,0,0,0,0
14106,"240  ","2400065","ｶﾅｶﾞﾜｹﾝ","ﾖｺﾊﾏｼﾎﾄﾞｶﾞﾔｸ","ﾜﾀﾞ","神奈川県","横浜市保土ケ谷区","和田",0,0,1,0,0,0
14107,"235  ","2350000","ｶﾅｶﾞﾜｹﾝ","ﾖｺﾊﾏｼｲｿｺﾞｸ","ｲｶﾆｹｲｻｲｶﾞﾅｲﾊﾞｱｲ","神奈川県","横浜市磯子区","以下に掲載がない場合",0,0,0,0,0,0
14107,"235  ","2350016","ｶﾅｶﾞﾜｹﾝ","ﾖｺﾊﾏｼｲｿｺﾞｸ","ｲｿｺﾞ","神奈川県","横浜市磯子区","磯子",0,0,1,0,0,0
14107,"235  ","2350019","ｶﾅｶﾞﾜｹﾝ","ﾖｺﾊﾏｼｲｿｺﾞｸ","ｲｿｺﾞﾀﾞｲ","神奈川県","横浜市磯子区","磯子台",0,0,0,0,0,0
14107,"235  ","2350006","ｶﾅｶﾞﾜｹﾝ","ﾖｺﾊﾏｼｲｿｺﾞｸ","ｵｵﾄﾘﾁｮｳ","神奈川県","横浜市磯子区","鳳町",0,0,0,0,0,0
14107,"235  ","2350021","ｶﾅｶﾞﾜｹﾝ","ﾖｺﾊﾏｼｲｿｺﾞｸ","ｵｶﾑﾗ","神奈川県","横浜市磯子区","岡村",0,0,1,0,0,0
14107,"235  ","2350001","ｶﾅｶﾞﾜｹﾝ","ﾖｺﾊﾏｼｲｿｺﾞｸ","ｶﾐﾁｮｳ","神奈川県","横浜市磯子区","上町",0,0,0,0,0,0
14107,"235  ","2350042","ｶﾅｶﾞﾜｹﾝ","ﾖｺﾊﾏｼｲｿｺﾞｸ","ｶﾐﾅｶｻﾞﾄﾁｮｳ","神奈川県","横浜市磯子区","上中里町",0,0,0,0,0,0
14107,"235  ","2350041","ｶﾅｶﾞﾜｹﾝ","ﾖｺﾊﾏｼｲｿｺﾞｸ","ｸﾘｷ","神奈川県","横浜市磯子区","栗木",0,0,1,0,0,0
14107,"235  ","2350003","ｶﾅｶﾞﾜｹﾝ","ﾖｺﾊﾏｼｲｿｺﾞｸ","ｻｶｼﾀﾁｮｳ","神奈川県","横浜市磯子区","坂下町",0,0,0,0,0,0
14107,"235  ","2350022","ｶﾅｶﾞﾜｹﾝ","ﾖｺﾊﾏｼｲｿｺﾞｸ","ｼｵﾐﾀﾞｲ","神奈川県","横浜市磯子区","汐見台",0,0,1,0,0,0
14107,"235  ","2350004","ｶﾅｶﾞﾜｹﾝ","ﾖｺﾊﾏｼｲｿｺﾞｸ","ｼﾓﾁｮｳ","神奈川県","横浜市磯子区","下町",0,0,0,0,0,0
14107,"235  ","2350017","ｶﾅｶﾞﾜｹﾝ","ﾖｺﾊﾏｼｲｿｺﾞｸ","ｼﾝｲｿｺﾞﾁｮｳ","神奈川県","横浜市磯子区","新磯子町",0,0,0,0,0,0
14107,"235  ","2350032","ｶﾅｶﾞﾜｹﾝ","ﾖｺﾊﾏｼｲｿｺﾞｸ","ｼﾝｽｷﾞﾀﾁｮｳ","神奈川県","横浜市磯子区","新杉田町",0,0,0,0,0,0
14107,"235  ","2350031","ｶﾅｶﾞﾜｹﾝ","ﾖｺﾊﾏｼｲｿｺﾞｸ","ｼﾝﾅｶﾊﾗﾁｮｳ","神奈川県","横浜市磯子区","新中原町",0,0,0,0,0,0
14107,"235  ","2350018","ｶﾅｶﾞﾜｹﾝ","ﾖｺﾊﾏｼｲｿｺﾞｸ","ｼﾝﾓﾘﾁｮｳ","神奈川県","横浜市磯子区","新森町",0,0,0,0,0,0
14107,"235  ","2350033","ｶﾅｶﾞﾜｹﾝ","ﾖｺﾊﾏｼｲｿｺﾞｸ","ｽｷﾞﾀ","神奈川県","横浜市磯子区","杉田",0,0,1,0,0,0
14107,"235  ","2350034","ｶﾅｶﾞﾜｹﾝ","ﾖｺﾊﾏｼｲｿｺﾞｸ","ｽｷﾞﾀﾂﾎﾞﾉﾐ","神奈川県","横浜市磯子区","杉田坪呑",0,0,0,0,0,0
14107,"235  ","2350012","ｶﾅｶﾞﾜｹﾝ","ﾖｺﾊﾏｼｲｿｺﾞｸ","ﾀｷｶﾞｼﾗ","神奈川県","横浜市磯子区","滝頭",0,0,1,0,0,0
14107,"235  ","2350035","ｶﾅｶﾞﾜｹﾝ","ﾖｺﾊﾏｼｲｿｺﾞｸ","ﾀﾅｶ","神奈川県","横浜市磯子区","田中",0,0,1,0,0,0
14107,"235  ","2350014","ｶﾅｶﾞﾜｹﾝ","ﾖｺﾊﾏｼｲｿｺﾞｸ","ﾅｶﾊﾏﾁｮｳ","神奈川県","横浜市磯子区","中浜町",0,0,0,0,0,0
14107,"235  ","2350036","ｶﾅｶﾞﾜｹﾝ","ﾖｺﾊﾏｼｲｿｺﾞｸ","ﾅｶﾊﾗ","神奈川県","横浜市磯子区","中原",0,0,1,0,0,0
14107,"235  ","2350007","ｶﾅｶﾞﾜｹﾝ","ﾖｺﾊﾏｼｲｿｺﾞｸ","ﾆｼﾁｮｳ","神奈川県","横浜市磯子区","西町",0,0,0,0,0,0
14107,"235  ","2350002","ｶﾅｶﾞﾜｹﾝ","ﾖｺﾊﾏｼｲｿｺﾞｸ","ﾊﾞﾊﾞﾁｮｳ","神奈川県","横浜市磯子区","馬場町",0,0,0,0,0,0
14107,"235  ","2350008","ｶﾅｶﾞﾜｹﾝ","ﾖｺﾊﾏｼｲｿｺﾞｸ","ﾊﾗﾏﾁ","神奈川県","横浜市磯子区","原町",0,0,0,0,0,0
14107,"235  ","2350005","ｶﾅｶﾞﾜｹﾝ","ﾖｺﾊﾏｼｲｿｺﾞｸ","ﾋｶﾞｼﾁｮｳ","神奈川県","横浜市磯子区","東町",0,0,0,0,0,0
14107,"235  ","2350015","ｶﾅｶﾞﾜｹﾝ","ﾖｺﾊﾏｼｲｿｺﾞｸ","ﾋｻｷﾁｮｳ","神奈川県","横浜市磯子区","久木町",0,0,0,0,0,0
14107,"235  ","2350043","ｶﾅｶﾞﾜｹﾝ","ﾖｺﾊﾏｼｲｿｺﾞｸ","ﾋﾄﾘｻﾞﾜﾁｮｳ","神奈川県","横浜市磯子区","氷取沢町",0,0,0,0,0,0
14107,"235  ","2350013","ｶﾅｶﾞﾜｹﾝ","ﾖｺﾊﾏｼｲｿｺﾞｸ","ﾋﾛﾁﾁｮｳ","神奈川県","横浜市磯子区","広地町",0,0,0,0,0,0
14107,"235  ","2350011","ｶﾅｶﾞﾜｹﾝ","ﾖｺﾊﾏｼｲｿｺﾞｸ","ﾏﾙﾔﾏ","神奈川県","横浜市磯子区","丸山",0,0,1,0,0,0
14107,"235  ","2350044","ｶﾅｶﾞﾜｹﾝ","ﾖｺﾊﾏｼｲｿｺﾞｸ","ﾐﾈﾁｮｳ","神奈川県","横浜市磯子区","峰町",0,0,0,0,0,0
14107,"235  ","2350023","ｶﾅｶﾞﾜｹﾝ","ﾖｺﾊﾏｼｲｿｺﾞｸ","ﾓﾘ","神奈川県","横浜市磯子区","森",0,0,1,0,0,0
14107,"235  ","2350024","ｶﾅｶﾞﾜｹﾝ","ﾖｺﾊﾏｼｲｿｺﾞｸ","ﾓﾘｶﾞｵｶ","神奈川県","横浜市磯子区","森が丘",0,0,1,0,0,0
14107,"235  ","2350045","ｶﾅｶﾞﾜｹﾝ","ﾖｺﾊﾏｼｲｿｺﾞｸ","ﾖｳｺｳﾀﾞｲ","神奈川県","横浜市磯子区","洋光台",0,0,1,0,0,0
14108,"236  ","2360000","ｶﾅｶﾞﾜｹﾝ","ﾖｺﾊﾏｼｶﾅｻﾞﾜｸ","ｲｶﾆｹｲｻｲｶﾞﾅｲﾊﾞｱｲ","神奈川県","横浜市金沢区","以下に掲載がない場合",0,0,0,0,0,0
14108,"236  ","2360034","ｶﾅｶﾞﾜｹﾝ","ﾖｺﾊﾏｼｶﾅｻﾞﾜｸ","ｱｻﾋﾅﾁｮｳ","神奈川県","横浜市金沢区","朝比奈町",0,0,0,0,0,0
14108,"236  ","2360013","ｶﾅｶﾞﾜｹﾝ","ﾖｺﾊﾏｼｶﾅｻﾞﾜｸ","ｳﾐﾉｺｳｴﾝ","神奈川県","横浜市金沢区","海の公園",0,0,0,0,0,0
14108,"236  ","2360043","ｶﾅｶﾞﾜｹﾝ","ﾖｺﾊﾏｼｶﾅｻﾞﾜｸ","ｵｵｶﾜ","神奈川県","横浜市金沢区","大川",0,0,0,0,0,0
14108,"236  ","2360024","ｶﾅｶﾞﾜｹﾝ","ﾖｺﾊﾏｼｶﾅｻﾞﾜｸ","ｵﾂﾄﾓﾁｮｳ","神奈川県","横浜市金沢区","乙舳町",0,0,0,0,0,0
14108,"236  ","2360055","ｶﾅｶﾞﾜｹﾝ","ﾖｺﾊﾏｼｶﾅｻﾞﾜｸ","ｶﾀﾌﾞｷ","神奈川県","横浜市金沢区","片吹",0,0,0,0,0,0
14108,"236  ","2360015","ｶﾅｶﾞﾜｹﾝ","ﾖｺﾊﾏｼｶﾅｻﾞﾜｸ","ｶﾅｻﾞﾜﾁｮｳ","神奈川県","横浜市金沢区","金沢町",0,0,0,0,0,0
14108,"236  ","2360041","ｶﾅｶﾞﾜｹﾝ","ﾖｺﾊﾏｼｶﾅｻﾞﾜｸ","ｶﾏﾘﾔﾁｮｳ","神奈川県","横浜市金沢区","釜利谷町",0,0,0,0,0,0
14108,"236  ","2360042","ｶﾅｶﾞﾜｹﾝ","ﾖｺﾊﾏｼｶﾅｻﾞﾜｸ","ｶﾏﾘﾔﾋｶﾞｼ","神奈川県","横浜市金沢区","釜利谷東",0,0,1,0,0,0
14108,"236  ","2360046","ｶﾅｶﾞﾜｹﾝ","ﾖｺﾊﾏｼｶﾅｻﾞﾜｸ","ｶﾏﾘﾔﾆｼ","神奈川県","横浜市金沢区","釜利谷西",0,0,1,0,0,0
14108,"236  ","2360045","ｶﾅｶﾞﾜｹﾝ","ﾖｺﾊﾏｼｶﾅｻﾞﾜｸ","ｶﾏﾘﾔﾐﾅﾐ","神奈川県","横浜市金沢区","釜利谷南",0,0,1,0,0,0
14108,"236  ","2360003","ｶﾅｶﾞﾜｹﾝ","ﾖｺﾊﾏｼｶﾅｻﾞﾜｸ","ｻﾁｳﾗ","神奈川県","横浜市金沢区","幸浦",0,0,1,0,0,0
14108,"236  ","2360012","ｶﾅｶﾞﾜｹﾝ","ﾖｺﾊﾏｼｶﾅｻﾞﾜｸ","ｼﾊﾞﾏﾁ","神奈川県","横浜市金沢区","柴町",0,0,0,0,0,0
14108,"236  ","2360001","ｶﾅｶﾞﾜｹﾝ","ﾖｺﾊﾏｼｶﾅｻﾞﾜｸ","ｼｮｳﾜﾏﾁ","神奈川県","横浜市金沢区","昭和町",0,0,0,0,0,0
14108,"236  ","2360007","ｶﾅｶﾞﾜｹﾝ","ﾖｺﾊﾏｼｶﾅｻﾞﾜｸ","ｼﾗﾎ","神奈川県","横浜市金沢区","白帆",0,0,0,0,0,0
14108,"236  ","2360028","ｶﾅｶﾞﾜｹﾝ","ﾖｺﾊﾏｼｶﾅｻﾞﾜｸ","ｽｻｷﾁｮｳ","神奈川県","横浜市金沢区","洲崎町",0,0,0,0,0,0
14108,"236  ","2360027","ｶﾅｶﾞﾜｹﾝ","ﾖｺﾊﾏｼｶﾅｻﾞﾜｸ","ｾﾄ","神奈川県","横浜市金沢区","瀬戸",0,0,0,0,0,0
14108,"236  ","2360035","ｶﾅｶﾞﾜｹﾝ","ﾖｺﾊﾏｼｶﾅｻﾞﾜｸ","ﾀﾞｲﾄﾞｳ","神奈川県","横浜市金沢区","大道",0,0,1,0,0,0
14108,"236  ","2360044","ｶﾅｶﾞﾜｹﾝ","ﾖｺﾊﾏｼｶﾅｻﾞﾜｸ","ﾀｶﾌﾈﾀﾞｲ","神奈川県","横浜市金沢区","高舟台",0,0,1,0,0,0
14108,"236  ","2360021","ｶﾅｶﾞﾜｹﾝ","ﾖｺﾊﾏｼｶﾅｻﾞﾜｸ","ﾃﾞｲｷ","神奈川県","横浜市金沢区","泥亀",0,0,1,0,0,0
14108,"236  ","2360014","ｶﾅｶﾞﾜｹﾝ","ﾖｺﾊﾏｼｶﾅｻﾞﾜｸ","ﾃﾗﾏｴ","神奈川県","横浜市金沢区","寺前",0,0,1,0,0,0
14108,"236  ","2360051","ｶﾅｶﾞﾜｹﾝ","ﾖｺﾊﾏｼｶﾅｻﾞﾜｸ","ﾄﾐｵｶﾋｶﾞｼ","神奈川県","横浜市金沢区","富岡東",0,0,1,0,0,0
14108,"236  ","2360052","ｶﾅｶﾞﾜｹﾝ","ﾖｺﾊﾏｼｶﾅｻﾞﾜｸ","ﾄﾐｵｶﾆｼ","神奈川県","横浜市金沢区","富岡西",0,0,1,0,0,0
14108,"236  ","2360002","ｶﾅｶﾞﾜｹﾝ","ﾖｺﾊﾏｼｶﾅｻﾞﾜｸ","ﾄﾘﾊﾏﾁｮｳ","神奈川県","横浜市金沢区","鳥浜町",0,0,0,0,0,0
14108,"236  ","2360011","ｶﾅｶﾞﾜｹﾝ","ﾖｺﾊﾏｼｶﾅｻﾞﾜｸ","ﾅｶﾞﾊﾏ","神奈川県","横浜市金沢区","長浜",0,0,1,0,0,0
14108,"236  ","2360005","ｶﾅｶﾞﾜｹﾝ","ﾖｺﾊﾏｼｶﾅｻﾞﾜｸ","ﾅﾐｷ","神奈川県","横浜市金沢区","並木",0,0,1,0,0,0
14108,"236  ","2360017","ｶﾅｶﾞﾜｹﾝ","ﾖｺﾊﾏｼｶﾅｻﾞﾜｸ","ﾆｼｼﾊﾞ","神奈川県","横浜市金沢区","西柴",0,0,1,0,0,0
14108,"236  ","2360057","ｶﾅｶﾞﾜｹﾝ","ﾖｺﾊﾏｼｶﾅｻﾞﾜｸ","ﾉｳｹﾝﾀﾞｲ","神奈川県","横浜市金沢区","能見台",0,0,1,0,0,0
14108,"236  ","2360053","ｶﾅｶﾞﾜｹﾝ","ﾖｺﾊﾏｼｶﾅｻﾞﾜｸ","ﾉｳｹﾝﾀﾞｲﾄﾞｵﾘ","神奈川県","横浜市金沢区","能見台通",0,0,0,0,0,0
14108,"236  ","2360058","ｶﾅｶﾞﾜｹﾝ","ﾖｺﾊﾏｼｶﾅｻﾞﾜｸ","ﾉｳｹﾝﾀﾞｲﾋｶﾞｼ","神奈川県","横浜市金沢区","能見台東",0,0,0,0,0,0
14108,"236  ","2360056","ｶﾅｶﾞﾜｹﾝ","ﾖｺﾊﾏｼｶﾅｻﾞﾜｸ","ﾉｳｹﾝﾀﾞｲﾓﾘ","神奈川県","横浜市金沢区","能見台森",0,0,0,0,0,0
14108,"236  ","2360025","ｶﾅｶﾞﾜｹﾝ","ﾖｺﾊﾏｼｶﾅｻﾞﾜｸ","ﾉｼﾞﾏﾁｮｳ","神奈川県","横浜市金沢区","野島町",0,0,0,0,0,0
14108,"236  ","2360006","ｶﾅｶﾞﾜｹﾝ","ﾖｺﾊﾏｼｶﾅｻﾞﾜｸ","ﾊｯｹｲｼﾞﾏ","神奈川県","横浜市金沢区","八景島",0,0,0,0,0,0
14108,"236  ","2360033","ｶﾅｶﾞﾜｹﾝ","ﾖｺﾊﾏｼｶﾅｻﾞﾜｸ","ﾋｶﾞｼｱｻﾋﾅ","神奈川県","横浜市金沢区","東朝比奈",0,0,1,0,0,0
14108,"236  ","2360023","ｶﾅｶﾞﾜｹﾝ","ﾖｺﾊﾏｼｶﾅｻﾞﾜｸ","ﾋﾗｶﾀﾁｮｳ","神奈川県","横浜市金沢区","平潟町",0,0,0,0,0,0
14108,"236  ","2360004","ｶﾅｶﾞﾜｹﾝ","ﾖｺﾊﾏｼｶﾅｻﾞﾜｸ","ﾌｸｳﾗ","神奈川県","横浜市金沢区","福浦",0,0,1,0,0,0
14108,"236  ","2360054","ｶﾅｶﾞﾜｹﾝ","ﾖｺﾊﾏｼｶﾅｻﾞﾜｸ","ﾎﾘｸﾞﾁ","神奈川県","横浜市金沢区","堀口",0,0,0,0,0,0
14108,"236  ","2360022","ｶﾅｶﾞﾜｹﾝ","ﾖｺﾊﾏｼｶﾅｻﾞﾜｸ","ﾏﾁﾔﾁｮｳ","神奈川県","横浜市金沢区","町屋町",0,0,0,0,0,0
14108,"236  ","2360036","ｶﾅｶﾞﾜｹﾝ","ﾖｺﾊﾏｼｶﾅｻﾞﾜｸ","ﾐｽﾞｷﾁｮｳ","神奈川県","横浜市金沢区","みず木町",0,0,0,0,0,0
14108,"236  ","2360031","ｶﾅｶﾞﾜｹﾝ","ﾖｺﾊﾏｼｶﾅｻﾞﾜｸ","ﾑﾂｳﾗ","神奈川県","横浜市金沢区","六浦",0,0,1,0,0,0
14108,"236  ","2360032","ｶﾅｶﾞﾜｹﾝ","ﾖｺﾊﾏｼｶﾅｻﾞﾜｸ","ﾑﾂｳﾗﾁｮｳ","神奈川県","横浜市金沢区","六浦町",0,0,0,0,0,0
14108,"236  ","2360037","ｶﾅｶﾞﾜｹﾝ","ﾖｺﾊﾏｼｶﾅｻﾞﾜｸ","ﾑﾂｳﾗﾋｶﾞｼ","神奈川県","横浜市金沢区","六浦東",0,0,1,0,0,0
14108,"236  ","2360038","ｶﾅｶﾞﾜｹﾝ","ﾖｺﾊﾏｼｶﾅｻﾞﾜｸ","ﾑﾂｳﾗﾐﾅﾐ","神奈川県","横浜市金沢区","六浦南",0,0,1,0,0,0
14108,"236  ","2360016","ｶﾅｶﾞﾜｹﾝ","ﾖｺﾊﾏｼｶﾅｻﾞﾜｸ","ﾔﾂﾁｮｳ","神奈川県","横浜市金沢区","谷津町",0,0,0,0,0,0
14108,"236  ","2360026","ｶﾅｶﾞﾜｹﾝ","ﾖｺﾊﾏｼｶﾅｻﾞﾜｸ","ﾔﾅｷﾞﾁｮｳ","神奈川県","横浜市金沢区","柳町",0,0,0,0,0,0
14109,"222  ","2220000","ｶﾅｶﾞﾜｹﾝ","ﾖｺﾊﾏｼｺｳﾎｸｸ","ｲｶﾆｹｲｻｲｶﾞﾅｲﾊﾞｱｲ","神奈川県","横浜市港北区","以下に掲載がない場合",0,0,0,0,0,0
14109,"222  ","2220037","ｶﾅｶﾞﾜｹﾝ","ﾖｺﾊﾏｼｺｳﾎｸｸ","ｵｵｸﾗﾔﾏ","神奈川県","横浜市港北区","大倉山",0,0,1,0,0,0
14109,"222  ","2220003","ｶﾅｶﾞﾜｹﾝ","ﾖｺﾊﾏｼｺｳﾎｸｸ","ｵｵｿﾈ","神奈川県","横浜市港北区","大曽根",0,0,1,0,0,0
14109,"222  ","2220004","ｶﾅｶﾞﾜｹﾝ","ﾖｺﾊﾏｼｺｳﾎｸｸ","ｵｵｿﾈﾀﾞｲ","神奈川県","横浜市港北区","大曽根台",0,0,0,0,0,0
14109,"222  ","2220011","ｶﾅｶﾞﾜｹﾝ","ﾖｺﾊﾏｼｺｳﾎｸｸ","ｷｸﾅ","神奈川県","横浜市港北区","菊名",0,0,1,0,0,0
14109,"222  ","2220034","ｶﾅｶﾞﾜｹﾝ","ﾖｺﾊﾏｼｺｳﾎｸｸ","ｷｼﾈﾁｮｳ","神奈川県","横浜市港北区","岸根町",0,0,0,0,0,0
14109,"223  ","2230059","ｶﾅｶﾞﾜｹﾝ","ﾖｺﾊﾏｼｺｳﾎｸｸ","ｷﾀｼﾝﾖｺﾊﾏ","神奈川県","横浜市港北区","北新横浜",0,0,1,0,0,0
14109,"222  ","2220036","ｶﾅｶﾞﾜｹﾝ","ﾖｺﾊﾏｼｺｳﾎｸｸ","ｺﾂﾞｸｴﾁｮｳ","神奈川県","横浜市港北区","小机町",0,0,0,0,0,0
14109,"222  ","2220024","ｶﾅｶﾞﾜｹﾝ","ﾖｺﾊﾏｼｺｳﾎｸｸ","ｼﾉﾊﾗﾀﾞｲﾏﾁ","神奈川県","横浜市港北区","篠原台町",0,0,0,0,0,0
14109,"222  ","2220026","ｶﾅｶﾞﾜｹﾝ","ﾖｺﾊﾏｼｺｳﾎｸｸ","ｼﾉﾊﾗﾁｮｳ","神奈川県","横浜市港北区","篠原町",0,0,0,0,0,0
14109,"222  ","2220025","ｶﾅｶﾞﾜｹﾝ","ﾖｺﾊﾏｼｺｳﾎｸｸ","ｼﾉﾊﾗﾆｼﾁｮｳ","神奈川県","横浜市港北区","篠原西町",0,0,0,0,0,0
14109,"222  ","2220022","ｶﾅｶﾞﾜｹﾝ","ﾖｺﾊﾏｼｺｳﾎｸｸ","ｼﾉﾊﾗﾋｶﾞｼ","神奈川県","横浜市港北区","篠原東",0,0,1,0,0,0
14109,"222  ","2220021","ｶﾅｶﾞﾜｹﾝ","ﾖｺﾊﾏｼｺｳﾎｸｸ","ｼﾉﾊﾗｷﾀ","神奈川県","横浜市港北区","篠原北",0,0,1,0,0,0
14109,"223  ","2230064","ｶﾅｶﾞﾜｹﾝ","ﾖｺﾊﾏｼｺｳﾎｸｸ","ｼﾓﾀﾞﾁｮｳ","神奈川県","横浜市港北区","下田町",0,0,1,0,0,0
14109,"222  ","2220033","ｶﾅｶﾞﾜｹﾝ","ﾖｺﾊﾏｼｺｳﾎｸｸ","ｼﾝﾖｺﾊﾏ","神奈川県","横浜市港北区","新横浜",0,0,1,0,0,0
14109,"223  ","2230056","ｶﾅｶﾞﾜｹﾝ","ﾖｺﾊﾏｼｺｳﾎｸｸ","ｼﾝﾖｼﾀﾞﾁｮｳ","神奈川県","横浜市港北区","新吉田町",0,0,0,0,0,0
14109,"223  ","2230058","ｶﾅｶﾞﾜｹﾝ","ﾖｺﾊﾏｼｺｳﾎｸｸ","ｼﾝﾖｼﾀﾞﾋｶﾞｼ","神奈川県","横浜市港北区","新吉田東",0,0,1,0,0,0
14109,"223  ","2230063","ｶﾅｶﾞﾜｹﾝ","ﾖｺﾊﾏｼｺｳﾎｸｸ","ﾀｶﾀﾁｮｳ","神奈川県","横浜市港北区","高田町",0,0,0,0,0,0
14109,"223  ","2230066","ｶﾅｶﾞﾜｹﾝ","ﾖｺﾊﾏｼｺｳﾎｸｸ","ﾀｶﾀﾆｼ","神奈川県","横浜市港北区","高田西",0,1,1,0,0,0
14109,"223  ","2230065","ｶﾅｶﾞﾜｹﾝ","ﾖｺﾊﾏｼｺｳﾎｸｸ","ﾀｶﾀﾋｶﾞｼ","神奈川県","横浜市港北区","高田東",0,0,1,0,0,0
14109,"222  ","2220001","ｶﾅｶﾞﾜｹﾝ","ﾖｺﾊﾏｼｺｳﾎｸｸ","ﾀﾙﾏﾁ","神奈川県","横浜市港北区","樽町",0,0,1,0,0,0
14109,"223  ","2230055","ｶﾅｶﾞﾜｹﾝ","ﾖｺﾊﾏｼｺｳﾎｸｸ","ﾂﾅｼﾏｶﾐﾁｮｳ","神奈川県","横浜市港北区","綱島上町",0,0,0,0,0,0
14109,"223  ","2230054","ｶﾅｶﾞﾜｹﾝ","ﾖｺﾊﾏｼｺｳﾎｸｸ","ﾂﾅｼﾏﾀﾞｲ","神奈川県","横浜市港北区","綱島台",0,0,0,0,0,0
14109,"223  ","2230052","ｶﾅｶﾞﾜｹﾝ","ﾖｺﾊﾏｼｺｳﾎｸｸ","ﾂﾅｼﾏﾋｶﾞｼ","神奈川県","横浜市港北区","綱島東",0,0,1,0,0,0
14109,"223  ","2230053","ｶﾅｶﾞﾜｹﾝ","ﾖｺﾊﾏｼｺｳﾎｸｸ","ﾂﾅｼﾏﾆｼ","神奈川県","横浜市港北区","綱島西",0,0,1,0,0,0
14109,"222  ","2220035","ｶﾅｶﾞﾜｹﾝ","ﾖｺﾊﾏｼｺｳﾎｸｸ","ﾄﾘﾔﾏﾁｮｳ","神奈川県","横浜市港北区","鳥山町",0,0,0,0,0,0
14109,"222  ","2220023","ｶﾅｶﾞﾜｹﾝ","ﾖｺﾊﾏｼｺｳﾎｸｸ","ﾅｶﾃﾊﾗ","神奈川県","横浜市港北区","仲手原",0,0,1,0,0,0
14109,"222  ","2220013","ｶﾅｶﾞﾜｹﾝ","ﾖｺﾊﾏｼｺｳﾎｸｸ","ﾆｼｷｶﾞｵｶ","神奈川県","横浜市港北区","錦が丘",0,0,0,0,0,0
14109,"223  ","2230057","ｶﾅｶﾞﾜｹﾝ","ﾖｺﾊﾏｼｺｳﾎｸｸ","ﾆｯﾊﾟﾁｮｳ","神奈川県","横浜市港北区","新羽町",0,0,0,0,0,0
14109,"223  ","2230061","ｶﾅｶﾞﾜｹﾝ","ﾖｺﾊﾏｼｺｳﾎｸｸ","ﾋﾖｼ","神奈川県","横浜市港北区","日吉",0,0,1,0,0,0
14109,"223  ","2230062","ｶﾅｶﾞﾜｹﾝ","ﾖｺﾊﾏｼｺｳﾎｸｸ","ﾋﾖｼﾎﾝﾁｮｳ","神奈川県","横浜市港北区","日吉本町",0,0,1,0,0,0
14109,"222  ","2220012","ｶﾅｶﾞﾜｹﾝ","ﾖｺﾊﾏｼｺｳﾎｸｸ","ﾌｼﾞﾂﾞｶ","神奈川県","横浜市港北区","富士塚",0,0,1,0,0,0
14109,"222  ","2220032","ｶﾅｶﾞﾜｹﾝ","ﾖｺﾊﾏｼｺｳﾎｸｸ","ﾏﾒﾄﾞﾁｮｳ","神奈川県","横浜市港北区","大豆戸町",0,0,0,0,0,0
14109,"223  ","2230051","ｶﾅｶﾞﾜｹﾝ","ﾖｺﾊﾏｼｺｳﾎｸｸ","ﾐﾉﾜﾁｮｳ","神奈川県","横浜市港北区","箕輪町",0,0,1,0,0,0
14109,"222  ","2220002","ｶﾅｶﾞﾜｹﾝ","ﾖｺﾊﾏｼｺｳﾎｸｸ","ﾓﾛｵｶﾁｮｳ","神奈川県","横浜市港北区","師岡町",0,0,0,0,0,0
14110,"244  ","2440000","ｶﾅｶﾞﾜｹﾝ","ﾖｺﾊﾏｼﾄﾂｶｸ","ｲｶﾆｹｲｻｲｶﾞﾅｲﾊﾞｱｲ","神奈川県","横浜市戸塚区","以下に掲載がない場合",0,0,0,0,0,0
14110,"245  ","2450052","ｶﾅｶﾞﾜｹﾝ","ﾖｺﾊﾏｼﾄﾂｶｸ","ｱｷﾊﾞﾁｮｳ","神奈川県","横浜市戸塚区","秋葉町",0,0,0,0,0,0
14110,"245  ","2450064","ｶﾅｶﾞﾜｹﾝ","ﾖｺﾊﾏｼﾄﾂｶｸ","ｶｹﾞﾄﾘﾁｮｳ","神奈川県","横浜市戸塚区","影取町",0,0,0,0,0,0
14110,"244  ","2440812","ｶﾅｶﾞﾜｹﾝ","ﾖｺﾊﾏｼﾄﾂｶｸ","ｶｼｵﾁｮｳ","神奈川県","横浜市戸塚区","柏尾町",0,0,0,0,0,0
14110,"244  ","2440811","ｶﾅｶﾞﾜｹﾝ","ﾖｺﾊﾏｼﾄﾂｶｸ","ｶﾐｶｼｵﾁｮｳ","神奈川県","横浜市戸塚区","上柏尾町",0,0,0,0,0,0
14110,"244  ","2440816","ｶﾅｶﾞﾜｹﾝ","ﾖｺﾊﾏｼﾄﾂｶｸ","ｶﾐｸﾗﾀﾁｮｳ","神奈川県","横浜市戸塚区","上倉田町",0,0,0,0,0,0
14110,"244  ","2440806","ｶﾅｶﾞﾜｹﾝ","ﾖｺﾊﾏｼﾄﾂｶｸ","ｶﾐｼﾅﾉ","神奈川県","横浜市戸塚区","上品濃",0,0,0,0,0,0
14110,"245  ","2450053","ｶﾅｶﾞﾜｹﾝ","ﾖｺﾊﾏｼﾄﾂｶｸ","ｶﾐﾔﾍﾞﾁｮｳ","神奈川県","横浜市戸塚区","上矢部町",0,0,0,0,0,0
14110,"244  ","2440805","ｶﾅｶﾞﾜｹﾝ","ﾖｺﾊﾏｼﾄﾂｶｸ","ｶﾜｶﾐﾁｮｳ","神奈川県","横浜市戸塚区","川上町",0,0,0,0,0,0
14110,"245  ","2450061","ｶﾅｶﾞﾜｹﾝ","ﾖｺﾊﾏｼﾄﾂｶｸ","ｸﾞﾐｻﾞﾜ","神奈川県","横浜市戸塚区","汲沢",0,0,1,0,0,0
14110,"245  ","2450062","ｶﾅｶﾞﾜｹﾝ","ﾖｺﾊﾏｼﾄﾂｶｸ","ｸﾞﾐｻﾞﾜﾁｮｳ","神奈川県","横浜市戸塚区","汲沢町",0,0,0,0,0,0
14110,"244  ","2440004","ｶﾅｶﾞﾜｹﾝ","ﾖｺﾊﾏｼﾄﾂｶｸ","ｺｽｽﾞﾒﾁｮｳ","神奈川県","横浜市戸塚区","小雀町",0,0,0,0,0,0
14110,"244  ","2440801","ｶﾅｶﾞﾜｹﾝ","ﾖｺﾊﾏｼﾄﾂｶｸ","ｼﾅﾉﾁｮｳ","神奈川県","横浜市戸塚区","品濃町",0,0,0,0,0,0
14110,"244  ","2440815","ｶﾅｶﾞﾜｹﾝ","ﾖｺﾊﾏｼﾄﾂｶｸ","ｼﾓｸﾗﾀﾁｮｳ","神奈川県","横浜市戸塚区","下倉田町",0,0,0,0,0,0
14110,"244  ","2440003","ｶﾅｶﾞﾜｹﾝ","ﾖｺﾊﾏｼﾄﾂｶｸ","ﾄﾂｶﾁｮｳ","神奈川県","横浜市戸塚区","戸塚町",0,0,0,0,0,0
14110,"244  ","2440001","ｶﾅｶﾞﾜｹﾝ","ﾖｺﾊﾏｼﾄﾂｶｸ","ﾄﾘｶﾞｵｶ","神奈川県","横浜市戸塚区","鳥が丘",0,0,0,0,0,0
14110,"245  ","2450051","ｶﾅｶﾞﾜｹﾝ","ﾖｺﾊﾏｼﾄﾂｶｸ","ﾅｾﾁｮｳ","神奈川県","横浜市戸塚区","名瀬町",0,0,0,0,0,0
14110,"245  ","2450063","ｶﾅｶﾞﾜｹﾝ","ﾖｺﾊﾏｼﾄﾂｶｸ","ﾊﾗｼﾞｭｸ","神奈川県","横浜市戸塚区","原宿",0,0,1,0,0,0
14110,"245  ","2450065","ｶﾅｶﾞﾜｹﾝ","ﾖｺﾊﾏｼﾄﾂｶｸ","ﾋｶﾞｼﾏﾀﾉﾁｮｳ","神奈川県","横浜市戸塚区","東俣野町",0,0,0,0,0,0
14110,"244  ","2440802","ｶﾅｶﾞﾜｹﾝ","ﾖｺﾊﾏｼﾄﾂｶｸ","ﾋﾗﾄﾞ","神奈川県","横浜市戸塚区","平戸",0,0,1,0,0,0
14110,"244  ","2440803","ｶﾅｶﾞﾜｹﾝ","ﾖｺﾊﾏｼﾄﾂｶｸ","ﾋﾗﾄﾞﾁｮｳ","神奈川県","横浜市戸塚区","平戸町",0,0,0,0,0,0
14110,"245  ","2450067","ｶﾅｶﾞﾜｹﾝ","ﾖｺﾊﾏｼﾄﾂｶｸ","ﾌｶﾔﾁｮｳ","神奈川県","横浜市戸塚区","深谷町",0,0,0,0,0,0
14110,"244  ","2440813","ｶﾅｶﾞﾜｹﾝ","ﾖｺﾊﾏｼﾄﾂｶｸ","ﾏｲｵｶﾁｮｳ","神奈川県","横浜市戸塚区","舞岡町",0,0,0,0,0,0
14110,"244  ","2440804","ｶﾅｶﾞﾜｹﾝ","ﾖｺﾊﾏｼﾄﾂｶｸ","ﾏｴﾀﾞﾁｮｳ","神奈川県","横浜市戸塚区","前田町",0,0,0,0,0,0
14110,"245  ","2450066","ｶﾅｶﾞﾜｹﾝ","ﾖｺﾊﾏｼﾄﾂｶｸ","ﾏﾀﾉﾁｮｳ","神奈川県","横浜市戸塚区","俣野町",0,0,0,0,0,0
14110,"244  ","2440814","ｶﾅｶﾞﾜｹﾝ","ﾖｺﾊﾏｼﾄﾂｶｸ","ﾐﾅﾐﾏｲｵｶ","神奈川県","横浜市戸塚区","南舞岡",0,0,1,0,0,0
14110,"244  ","2440002","ｶﾅｶﾞﾜｹﾝ","ﾖｺﾊﾏｼﾄﾂｶｸ","ﾔﾍﾞﾁｮｳ","神奈川県","横浜市戸塚区","矢部町",0,0,0,0,0,0
14110,"244  ","2440817","ｶﾅｶﾞﾜｹﾝ","ﾖｺﾊﾏｼﾄﾂｶｸ","ﾖｼﾀﾞﾁｮｳ","神奈川県","横浜市戸塚区","吉田町",0,0,0,0,0,0
14111,"233  ","2330000","ｶﾅｶﾞﾜｹﾝ","ﾖｺﾊﾏｼｺｳﾅﾝｸ","ｲｶﾆｹｲｻｲｶﾞﾅｲﾊﾞｱｲ","神奈川県","横浜市港南区","以下に掲載がない場合",0,0,0,0,0,0
14111,"233  ","2330007","ｶﾅｶﾞﾜｹﾝ","ﾖｺﾊﾏｼｺｳﾅﾝｸ","ｵｵｸﾎﾞ","神奈川県","横浜市港南区","大久保",0,0,1,0,0,0
14111,"233  ","2330001","ｶﾅｶﾞﾜｹﾝ","ﾖｺﾊﾏｼｺｳﾅﾝｸ","ｶﾐｵｵｵｶﾋｶﾞｼ","神奈川県","横浜市港南区","上大岡東",0,0,1,0,0,0
14111,"233  ","2330002","ｶﾅｶﾞﾜｹﾝ","ﾖｺﾊﾏｼｺｳﾅﾝｸ","ｶﾐｵｵｵｶﾆｼ","神奈川県","横浜市港南区","上大岡西",0,0,1,0,0,0
14111,"233  ","2330012","ｶﾅｶﾞﾜｹﾝ","ﾖｺﾊﾏｼｺｳﾅﾝｸ","ｶﾐﾅｶﾞﾔ","神奈川県","横浜市港南区","上永谷",0,0,1,0,0,0
14111,"233  ","2330014","ｶﾅｶﾞﾜｹﾝ","ﾖｺﾊﾏｼｺｳﾅﾝｸ","ｶﾐﾅｶﾞﾔﾁｮｳ","神奈川県","横浜市港南区","上永谷町",0,0,0,0,0,0
14111,"233  ","2330003","ｶﾅｶﾞﾜｹﾝ","ﾖｺﾊﾏｼｺｳﾅﾝｸ","ｺｳﾅﾝ","神奈川県","横浜市港南区","港南",0,0,1,0,0,0
14111,"234  ","2340054","ｶﾅｶﾞﾜｹﾝ","ﾖｺﾊﾏｼｺｳﾅﾝｸ","ｺｳﾅﾝﾀﾞｲ","神奈川県","横浜市港南区","港南台",0,0,1,0,0,0
14111,"233  ","2330004","ｶﾅｶﾞﾜｹﾝ","ﾖｺﾊﾏｼｺｳﾅﾝｸ","ｺｳﾅﾝﾁｭｳｵｳﾄﾞｵﾘ","神奈川県","横浜市港南区","港南中央通",0,0,0,0,0,0
14111,"233  ","2330008","ｶﾅｶﾞﾜｹﾝ","ﾖｺﾊﾏｼｺｳﾅﾝｸ","ｻｲﾄﾞ","神奈川県","横浜市港南区","最戸",0,0,1,0,0,0
14111,"234  ","2340052","ｶﾅｶﾞﾜｹﾝ","ﾖｺﾊﾏｼｺｳﾅﾝｸ","ｻｻｹﾞ","神奈川県","横浜市港南区","笹下",0,0,1,0,0,0
14111,"233  ","2330016","ｶﾅｶﾞﾜｹﾝ","ﾖｺﾊﾏｼｺｳﾅﾝｸ","ｼﾓﾅｶﾞﾔ","神奈川県","横浜市港南区","下永谷",0,0,1,0,0,0
14111,"233  ","2330006","ｶﾅｶﾞﾜｹﾝ","ﾖｺﾊﾏｼｺｳﾅﾝｸ","ｾﾘｶﾞﾔ","神奈川県","横浜市港南区","芹が谷",0,0,1,0,0,0
14111,"234  ","2340056","ｶﾅｶﾞﾜｹﾝ","ﾖｺﾊﾏｼｺｳﾅﾝｸ","ﾉﾊﾞﾁｮｳ","神奈川県","横浜市港南区","野庭町",0,0,0,0,0,0
14111,"233  ","2330005","ｶﾅｶﾞﾜｹﾝ","ﾖｺﾊﾏｼｺｳﾅﾝｸ","ﾋｶﾞｼｾﾘｶﾞﾔ","神奈川県","横浜市港南区","東芹が谷",0,0,0,0,0,0
14111,"233  ","2330011","ｶﾅｶﾞﾜｹﾝ","ﾖｺﾊﾏｼｺｳﾅﾝｸ","ﾋｶﾞｼﾅｶﾞﾔ","神奈川県","横浜市港南区","東永谷",0,0,1,0,0,0
14111,"233  ","2330015","ｶﾅｶﾞﾜｹﾝ","ﾖｺﾊﾏｼｺｳﾅﾝｸ","ﾋｷﾞﾘﾔﾏ","神奈川県","横浜市港南区","日限山",0,0,1,0,0,0
14111,"234  ","2340051","ｶﾅｶﾞﾜｹﾝ","ﾖｺﾊﾏｼｺｳﾅﾝｸ","ﾋﾉ","神奈川県","横浜市港南区","日野",0,0,1,0,0,0
14111,"234  ","2340053","ｶﾅｶﾞﾜｹﾝ","ﾖｺﾊﾏｼｺｳﾅﾝｸ","ﾋﾉﾁｭｳｵｳ","神奈川県","横浜市港南区","日野中央",0,0,1,0,0,0
14111,"234  ","2340055","ｶﾅｶﾞﾜｹﾝ","ﾖｺﾊﾏｼｺｳﾅﾝｸ","ﾋﾉﾐﾅﾐ","神奈川県","横浜市港南区","日野南",0,0,1,0,0,0
14111,"233  ","2330013","ｶﾅｶﾞﾜｹﾝ","ﾖｺﾊﾏｼｺｳﾅﾝｸ","ﾏﾙﾔﾏﾀﾞｲ","神奈川県","横浜市港南区","丸山台",0,0,1,0,0,0
14112,"241  ","2410000","ｶﾅｶﾞﾜｹﾝ","ﾖｺﾊﾏｼｱｻﾋｸ","ｲｶﾆｹｲｻｲｶﾞﾅｲﾊﾞｱｲ","神奈川県","横浜市旭区","以下に掲載がない場合",0,0,0,0,0,0
14112,"241  ","2410014","ｶﾅｶﾞﾜｹﾝ","ﾖｺﾊﾏｼｱｻﾋｸ","ｲﾁｻﾞﾜﾁｮｳ","神奈川県","横浜市旭区","市沢町",0,0,0,0,0,0
14112,"241  ","2410033","ｶﾅｶﾞﾜｹﾝ","ﾖｺﾊﾏｼｱｻﾋｸ","ｲﾏｶﾞﾜﾁｮｳ","神奈川県","横浜市旭区","今川町",0,0,0,0,0,0
14112,"241  ","2410817","ｶﾅｶﾞﾜｹﾝ","ﾖｺﾊﾏｼｱｻﾋｸ","ｲﾏｼﾞｭｸ","神奈川県","横浜市旭区","今宿",0,0,1,0,0,0
14112,"241  ","2410032","ｶﾅｶﾞﾜｹﾝ","ﾖｺﾊﾏｼｱｻﾋｸ","ｲﾏｼﾞｭｸﾋｶﾞｼﾁｮｳ","神奈川県","横浜市旭区","今宿東町",0,0,0,0,0,0
14112,"241  ","2410031","ｶﾅｶﾞﾜｹﾝ","ﾖｺﾊﾏｼｱｻﾋｸ","ｲﾏｼﾞｭｸﾆｼﾁｮｳ","神奈川県","横浜市旭区","今宿西町",0,0,0,0,0,0
14112,"241  ","2410034","ｶﾅｶﾞﾜｹﾝ","ﾖｺﾊﾏｼｱｻﾋｸ","ｲﾏｼﾞｭｸﾐﾅﾐﾁｮｳ","神奈川県","横浜市旭区","今宿南町",0,0,0,0,0,0
14112,"241  ","2410813","ｶﾅｶﾞﾜｹﾝ","ﾖｺﾊﾏｼｱｻﾋｸ","ｲﾏｼﾞｭｸﾁｮｳ","神奈川県","横浜市旭区","今宿町",0,0,0,0,0,0
14112,"241  ","2410834","ｶﾅｶﾞﾜｹﾝ","ﾖｺﾊﾏｼｱｻﾋｸ","ｵｵｲｹﾁｮｳ","神奈川県","横浜市旭区","大池町",0,0,0,0,0,0
14112,"241  ","2410015","ｶﾅｶﾞﾜｹﾝ","ﾖｺﾊﾏｼｱｻﾋｸ","ｵﾀｶﾁｮｳ","神奈川県","横浜市旭区","小高町",0,0,0,0,0,0
14112,"241  ","2410835","ｶﾅｶﾞﾜｹﾝ","ﾖｺﾊﾏｼｱｻﾋｸ","ｶｼﾜﾁｮｳ","神奈川県","横浜市旭区","柏町",0,0,0,0,0,0
14112,"241  ","2410812","ｶﾅｶﾞﾜｹﾝ","ﾖｺﾊﾏｼｱｻﾋｸ","ｶﾈｶﾞﾔ","神奈川県","横浜市旭区","金が谷",0,0,1,0,0,0
14112,"241  ","2410802","ｶﾅｶﾞﾜｹﾝ","ﾖｺﾊﾏｼｱｻﾋｸ","ｶﾐｶﾜｲﾁｮｳ","神奈川県","横浜市旭区","上川井町",0,0,0,0,0,0
14112,"241  ","2410002","ｶﾅｶﾞﾜｹﾝ","ﾖｺﾊﾏｼｱｻﾋｸ","ｶﾐｼﾗﾈ","神奈川県","横浜市旭区","上白根",0,0,1,0,0,0
14112,"241  ","2410001","ｶﾅｶﾞﾜｹﾝ","ﾖｺﾊﾏｼｱｻﾋｸ","ｶﾐｼﾗﾈﾁｮｳ","神奈川県","横浜市旭区","上白根町",0,0,0,0,0,0
14112,"241  ","2410804","ｶﾅｶﾞﾜｹﾝ","ﾖｺﾊﾏｼｱｻﾋｸ","ｶﾜｲｼｭｸﾁｮｳ","神奈川県","横浜市旭区","川井宿町",0,0,0,0,0,0
14112,"241  ","2410803","ｶﾅｶﾞﾜｹﾝ","ﾖｺﾊﾏｼｱｻﾋｸ","ｶﾜｲﾎﾝﾁｮｳ","神奈川県","横浜市旭区","川井本町",0,0,0,0,0,0
14112,"241  ","2410011","ｶﾅｶﾞﾜｹﾝ","ﾖｺﾊﾏｼｱｻﾋｸ","ｶﾜｼﾏﾁｮｳ","神奈川県","横浜市旭区","川島町",0,0,0,0,0,0
14112,"241  ","2410832","ｶﾅｶﾞﾜｹﾝ","ﾖｺﾊﾏｼｱｻﾋｸ","ｷﾘｶﾞｻｸ","神奈川県","横浜市旭区","桐が作",0,0,0,0,0,0
14112,"241  ","2410831","ｶﾅｶﾞﾜｹﾝ","ﾖｺﾊﾏｼｱｻﾋｸ","ｻｺﾝﾔﾏ","神奈川県","横浜市旭区","左近山",0,0,0,0,0,0
14112,"241  ","2410816","ｶﾅｶﾞﾜｹﾝ","ﾖｺﾊﾏｼｱｻﾋｸ","ｻｻﾉﾀﾞｲ","神奈川県","横浜市旭区","笹野台",0,0,1,0,0,0
14112,"241  ","2410822","ｶﾅｶﾞﾜｹﾝ","ﾖｺﾊﾏｼｱｻﾋｸ","ｻﾁｶﾞｵｶ","神奈川県","横浜市旭区","さちが丘",0,0,0,0,0,0
14112,"241  ","2410013","ｶﾅｶﾞﾜｹﾝ","ﾖｺﾊﾏｼｱｻﾋｸ","ｻﾝﾀﾝﾀﾞﾁｮｳ","神奈川県","横浜市旭区","三反田町",0,0,0,0,0,0
14112,"241  ","2410025","ｶﾅｶﾞﾜｹﾝ","ﾖｺﾊﾏｼｱｻﾋｸ","ｼｷﾐﾀﾞｲ","神奈川県","横浜市旭区","四季美台",0,0,0,0,0,0
14112,"241  ","2410806","ｶﾅｶﾞﾜｹﾝ","ﾖｺﾊﾏｼｱｻﾋｸ","ｼﾓｶﾜｲﾁｮｳ","神奈川県","横浜市旭区","下川井町",0,0,0,0,0,0
14112,"241  ","2410005","ｶﾅｶﾞﾜｹﾝ","ﾖｺﾊﾏｼｱｻﾋｸ","ｼﾗﾈ","神奈川県","横浜市旭区","白根",0,0,1,0,0,0
14112,"241  ","2410003","ｶﾅｶﾞﾜｹﾝ","ﾖｺﾊﾏｼｱｻﾋｸ","ｼﾗﾈﾁｮｳ","神奈川県","横浜市旭区","白根町",0,0,0,0,0,0
14112,"241  ","2410823","ｶﾅｶﾞﾜｹﾝ","ﾖｺﾊﾏｼｱｻﾋｸ","ｾﾞﾝﾌﾞﾁｮｳ","神奈川県","横浜市旭区","善部町",0,0,0,0,0,0
14112,"241  ","2410805","ｶﾅｶﾞﾜｹﾝ","ﾖｺﾊﾏｼｱｻﾋｸ","ﾂｵｶﾁｮｳ","神奈川県","横浜市旭区","都岡町",0,0,0,0,0,0
14112,"241  ","2410022","ｶﾅｶﾞﾜｹﾝ","ﾖｺﾊﾏｼｱｻﾋｸ","ﾂﾙｶﾞﾐﾈ","神奈川県","横浜市旭区","鶴ケ峰",0,0,1,0,0,0
14112,"241  ","2410021","ｶﾅｶﾞﾜｹﾝ","ﾖｺﾊﾏｼｱｻﾋｸ","ﾂﾙｶﾞﾐﾈﾎﾝﾁｮｳ","神奈川県","横浜市旭区","鶴ケ峰本町",0,0,0,0,0,0
14112,"241  ","2410815","ｶﾅｶﾞﾜｹﾝ","ﾖｺﾊﾏｼｱｻﾋｸ","ﾅｶｵ","神奈川県","横浜市旭区","中尾",0,0,1,0,0,0
14112,"241  ","2410825","ｶﾅｶﾞﾜｹﾝ","ﾖｺﾊﾏｼｱｻﾋｸ","ﾅｶｷﾎﾞｳｶﾞｵｶ","神奈川県","横浜市旭区","中希望が丘",0,0,0,0,0,0
14112,"241  ","2410814","ｶﾅｶﾞﾜｹﾝ","ﾖｺﾊﾏｼｱｻﾋｸ","ﾅｶｻﾞﾜ","神奈川県","横浜市旭区","中沢",0,0,1,0,0,0
14112,"241  ","2410004","ｶﾅｶﾞﾜｹﾝ","ﾖｺﾊﾏｼｱｻﾋｸ","ﾅｶｼﾗﾈ","神奈川県","横浜市旭区","中白根",0,0,1,0,0,0
14112,"241  ","2410012","ｶﾅｶﾞﾜｹﾝ","ﾖｺﾊﾏｼｱｻﾋｸ","ﾆｼｶﾜｼﾏﾁｮｳ","神奈川県","横浜市旭区","西川島町",0,0,0,0,0,0
14112,"241  ","2410826","ｶﾅｶﾞﾜｹﾝ","ﾖｺﾊﾏｼｱｻﾋｸ","ﾋｶﾞｼｷﾎﾞｳｶﾞｵｶ","神奈川県","横浜市旭区","東希望が丘",0,0,0,0,0,0
14112,"241  ","2410821","ｶﾅｶﾞﾜｹﾝ","ﾖｺﾊﾏｼｱｻﾋｸ","ﾌﾀﾏﾀｶﾞﾜ","神奈川県","横浜市旭区","二俣川",0,0,1,0,0,0
14112,"241  ","2410023","ｶﾅｶﾞﾜｹﾝ","ﾖｺﾊﾏｼｱｻﾋｸ","ﾎﾝｼﾞｭｸﾁｮｳ","神奈川県","横浜市旭区","本宿町",0,0,0,0,0,0
14112,"241  ","2410024","ｶﾅｶﾞﾜｹﾝ","ﾖｺﾊﾏｼｱｻﾋｸ","ﾎﾝﾑﾗﾁｮｳ","神奈川県","横浜市旭区","本村町",0,0,0,0,0,0
14112,"241  ","2410836","ｶﾅｶﾞﾜｹﾝ","ﾖｺﾊﾏｼｱｻﾋｸ","ﾏｷｶﾞﾊﾗ","神奈川県","横浜市旭区","万騎が原",0,0,0,0,0,0
14112,"241  ","2410824","ｶﾅｶﾞﾜｹﾝ","ﾖｺﾊﾏｼｱｻﾋｸ","ﾐﾅﾐｷﾎﾞｳｶﾞｵｶ","神奈川県","横浜市旭区","南希望が丘",0,0,0,0,0,0
14112,"241  ","2410833","ｶﾅｶﾞﾜｹﾝ","ﾖｺﾊﾏｼｱｻﾋｸ","ﾐﾅﾐﾎﾝｼﾞｭｸﾁｮｳ","神奈川県","横浜市旭区","南本宿町",0,0,0,0,0,0
14112,"241  ","2410811","ｶﾅｶﾞﾜｹﾝ","ﾖｺﾊﾏｼｱｻﾋｸ","ﾔｻｼﾁｮｳ","神奈川県","横浜市旭区","矢指町",0,0,0,0,0,0
14112,"241  ","2410801","ｶﾅｶﾞﾜｹﾝ","ﾖｺﾊﾏｼｱｻﾋｸ","ﾜｶﾊﾞﾀﾞｲ","神奈川県","横浜市旭区","若葉台",0,0,1,0,0,0
14113,"226  ","2260000","ｶﾅｶﾞﾜｹﾝ","ﾖｺﾊﾏｼﾐﾄﾞﾘｸ","ｲｶﾆｹｲｻｲｶﾞﾅｲﾊﾞｱｲ","神奈川県","横浜市緑区","以下に掲載がない場合",0,0,0,0,0,0
14113,"226  ","2260022","ｶﾅｶﾞﾜｹﾝ","ﾖｺﾊﾏｼﾐﾄﾞﾘｸ","ｱｵﾄﾁｮｳ","神奈川県","横浜市緑区","青砥町",0,0,0,0,0,0
14113,"226  ","2260028","ｶﾅｶﾞﾜｹﾝ","ﾖｺﾊﾏｼﾐﾄﾞﾘｸ","ｲﾌﾞｷﾉ","神奈川県","横浜市緑区","いぶき野",0,0,0,0,0,0
14113,"226  ","2260012","ｶﾅｶﾞﾜｹﾝ","ﾖｺﾊﾏｼﾐﾄﾞﾘｸ","ｶﾐﾔﾏ","神奈川県","横浜市緑区","上山",0,0,1,0,0,0
14113,"226  ","2260003","ｶﾅｶﾞﾜｹﾝ","ﾖｺﾊﾏｼﾐﾄﾞﾘｸ","ｶﾓｲ","神奈川県","横浜市緑区","鴨居",0,0,1,0,0,0
14113,"226  ","2260004","ｶﾅｶﾞﾜｹﾝ","ﾖｺﾊﾏｼﾐﾄﾞﾘｸ","ｶﾓｲﾁｮｳ","神奈川県","横浜市緑区","鴨居町",0,0,0,0,0,0
14113,"226  ","2260021","ｶﾅｶﾞﾜｹﾝ","ﾖｺﾊﾏｼﾐﾄﾞﾘｸ","ｷﾀﾊｯｻｸﾁｮｳ","神奈川県","横浜市緑区","北八朔町",0,0,0,0,0,0
14113,"226  ","2260016","ｶﾅｶﾞﾜｹﾝ","ﾖｺﾊﾏｼﾐﾄﾞﾘｸ","ｷﾘｶﾞｵｶ","神奈川県","横浜市緑区","霧が丘",0,0,1,0,0,0
14113,"226  ","2260023","ｶﾅｶﾞﾜｹﾝ","ﾖｺﾊﾏｼﾐﾄﾞﾘｸ","ｺﾔﾏﾁｮｳ","神奈川県","横浜市緑区","小山町",0,0,0,0,0,0
14113,"226  ","2260014","ｶﾅｶﾞﾜｹﾝ","ﾖｺﾊﾏｼﾐﾄﾞﾘｸ","ﾀﾞｲﾑﾗﾁｮｳ","神奈川県","横浜市緑区","台村町",0,0,0,0,0,0
14113,"226  ","2260005","ｶﾅｶﾞﾜｹﾝ","ﾖｺﾊﾏｼﾐﾄﾞﾘｸ","ﾀｹﾔﾏ","神奈川県","横浜市緑区","竹山",0,0,1,0,0,0
14113,"226  ","2260013","ｶﾅｶﾞﾜｹﾝ","ﾖｺﾊﾏｼﾐﾄﾞﾘｸ","ﾃﾗﾔﾏﾁｮｳ","神奈川県","横浜市緑区","寺山町",0,0,0,0,0,0
14113,"226  ","2260025","ｶﾅｶﾞﾜｹﾝ","ﾖｺﾊﾏｼﾐﾄﾞﾘｸ","ﾄｵｶｲﾁﾊﾞﾁｮｳ","神奈川県","横浜市緑区","十日市場町",0,0,0,0,0,0
14113,"226  ","2260011","ｶﾅｶﾞﾜｹﾝ","ﾖｺﾊﾏｼﾐﾄﾞﾘｸ","ﾅｶﾔﾏﾁｮｳ","神奈川県","横浜市緑区","中山町",0,0,0,0,0,0
14113,"226  ","2260027","ｶﾅｶﾞﾜｹﾝ","ﾖｺﾊﾏｼﾐﾄﾞﾘｸ","ﾅｶﾞﾂﾀ","神奈川県","横浜市緑区","長津田",0,0,1,0,0,0
14113,"226  ","2260026","ｶﾅｶﾞﾜｹﾝ","ﾖｺﾊﾏｼﾐﾄﾞﾘｸ","ﾅｶﾞﾂﾀﾁｮｳ","神奈川県","横浜市緑区","長津田町",0,0,0,0,0,0
14113,"226  ","2260018","ｶﾅｶﾞﾜｹﾝ","ﾖｺﾊﾏｼﾐﾄﾞﾘｸ","ﾅｶﾞﾂﾀﾐﾅﾐﾀﾞｲ","神奈川県","横浜市緑区","長津田みなみ台",0,0,1,0,0,0
14113,"226  ","2260017","ｶﾅｶﾞﾜｹﾝ","ﾖｺﾊﾏｼﾐﾄﾞﾘｸ","ﾆｲﾊﾙﾁｮｳ","神奈川県","横浜市緑区","新治町",0,0,0,0,0,0
14113,"226  ","2260024","ｶﾅｶﾞﾜｹﾝ","ﾖｺﾊﾏｼﾐﾄﾞﾘｸ","ﾆｼﾊｯｻｸﾁｮｳ","神奈川県","横浜市緑区","西八朔町",0,0,0,0,0,0
14113,"226  ","2260006","ｶﾅｶﾞﾜｹﾝ","ﾖｺﾊﾏｼﾐﾄﾞﾘｸ","ﾊｸｻﾝ","神奈川県","横浜市緑区","白山",0,0,1,0,0,0
14113,"226  ","2260002","ｶﾅｶﾞﾜｹﾝ","ﾖｺﾊﾏｼﾐﾄﾞﾘｸ","ﾋｶﾞｼﾎﾝｺﾞｳ","神奈川県","横浜市緑区","東本郷",0,0,1,0,0,0
14113,"226  ","2260001","ｶﾅｶﾞﾜｹﾝ","ﾖｺﾊﾏｼﾐﾄﾞﾘｸ","ﾋｶﾞｼﾎﾝｺﾞｳﾁｮｳ","神奈川県","横浜市緑区","東本郷町",0,0,0,0,0,0
14113,"226  ","2260015","ｶﾅｶﾞﾜｹﾝ","ﾖｺﾊﾏｼﾐﾄﾞﾘｸ","ﾐﾎﾁｮｳ","神奈川県","横浜市緑区","三保町",0,0,0,0,0,0
14113,"226  ","2260029","ｶﾅｶﾞﾜｹﾝ","ﾖｺﾊﾏｼﾐﾄﾞﾘｸ","ﾓﾘﾉﾀﾞｲ","神奈川県","横浜市緑区","森の台",0,0,0,0,0,0
14114,"246  ","2460000","ｶﾅｶﾞﾜｹﾝ","ﾖｺﾊﾏｼｾﾔｸ","ｲｶﾆｹｲｻｲｶﾞﾅｲﾊﾞｱｲ","神奈川県","横浜市瀬谷区","以下に掲載がない場合",0,0,0,0,0,0
14114,"246  ","2460013","ｶﾅｶﾞﾜｹﾝ","ﾖｺﾊﾏｼｾﾔｸ","ｱｲｻﾞﾜ","神奈川県","横浜市瀬谷区","相沢",0,0,1,0,0,0
14114,"246  ","2460023","ｶﾅｶﾞﾜｹﾝ","ﾖｺﾊﾏｼｾﾔｸ","ｱｸﾜﾋｶﾞｼ","神奈川県","横浜市瀬谷区","阿久和東",0,0,1,0,0,0
14114,"246  ","2460025","ｶﾅｶﾞﾜｹﾝ","ﾖｺﾊﾏｼｾﾔｸ","ｱｸﾜﾆｼ","神奈川県","横浜市瀬谷区","阿久和西",0,0,1,0,0,0
14114,"246  ","2460026","ｶﾅｶﾞﾜｹﾝ","ﾖｺﾊﾏｼｾﾔｸ","ｱｸﾜﾐﾅﾐ","神奈川県","横浜市瀬谷区","阿久和南",0,0,1,0,0,0
14114,"246  ","2460012","ｶﾅｶﾞﾜｹﾝ","ﾖｺﾊﾏｼｾﾔｸ","ｱｽﾞﾏﾉ","神奈川県","横浜市瀬谷区","東野",0,0,0,0,0,0
14114,"246  ","2460011","ｶﾅｶﾞﾜｹﾝ","ﾖｺﾊﾏｼｾﾔｸ","ｱｽﾞﾏﾉﾀﾞｲ","神奈川県","横浜市瀬谷区","東野台",0,0,0,0,0,0
14114,"246  ","2460001","ｶﾅｶﾞﾜｹﾝ","ﾖｺﾊﾏｼｾﾔｸ","ｵﾛｼﾎﾝﾁｮｳ","神奈川県","横浜市瀬谷区","卸本町",0,0,0,0,0,0
14114,"246  ","2460006","ｶﾅｶﾞﾜｹﾝ","ﾖｺﾊﾏｼｾﾔｸ","ｶﾐｾﾔﾁｮｳ","神奈川県","横浜市瀬谷区","上瀬谷町",0,0,0,0,0,0
14114,"246  ","2460036","ｶﾅｶﾞﾜｹﾝ","ﾖｺﾊﾏｼｾﾔｸ","ｷﾀｼﾝ","神奈川県","横浜市瀬谷区","北新",0,0,0,0,0,0
14114,"246  ","2460002","ｶﾅｶﾞﾜｹﾝ","ﾖｺﾊﾏｼｾﾔｸ","ｷﾀﾏﾁ","神奈川県","横浜市瀬谷区","北町",0,0,0,0,0,0
14114,"246  ","2460008","ｶﾅｶﾞﾜｹﾝ","ﾖｺﾊﾏｼｾﾔｸ","ｺﾞｶﾝﾒﾁｮｳ","神奈川県","横浜市瀬谷区","五貫目町",0,0,0,0,0,0
14114,"246  ","2460035","ｶﾅｶﾞﾜｹﾝ","ﾖｺﾊﾏｼｾﾔｸ","ｼﾓｾﾔ","神奈川県","横浜市瀬谷区","下瀬谷",0,0,1,0,0,0
14114,"246  ","2460031","ｶﾅｶﾞﾜｹﾝ","ﾖｺﾊﾏｼｾﾔｸ","ｾﾔ","神奈川県","横浜市瀬谷区","瀬谷",0,0,1,0,0,0
14114,"246  ","2460003","ｶﾅｶﾞﾜｹﾝ","ﾖｺﾊﾏｼｾﾔｸ","ｾﾔﾁｮｳ","神奈川県","横浜市瀬谷区","瀬谷町",0,0,0,0,0,0
14114,"246  ","2460005","ｶﾅｶﾞﾜｹﾝ","ﾖｺﾊﾏｼｾﾔｸ","ﾀｹﾑﾗﾁｮｳ","神奈川県","横浜市瀬谷区","竹村町",0,0,0,0,0,0
14114,"246  ","2460014","ｶﾅｶﾞﾜｹﾝ","ﾖｺﾊﾏｼｾﾔｸ","ﾁｭｳｵｳ","神奈川県","横浜市瀬谷区","中央",0,0,0,0,0,0
14114,"246  ","2460004","ｶﾅｶﾞﾜｹﾝ","ﾖｺﾊﾏｼｾﾔｸ","ﾅｶﾔｼｷ","神奈川県","横浜市瀬谷区","中屋敷",0,0,1,0,0,0
14114,"246  ","2460037","ｶﾅｶﾞﾜｹﾝ","ﾖｺﾊﾏｼｾﾔｸ","ﾊｼﾄﾞ","神奈川県","横浜市瀬谷区","橋戸",0,0,1,0,0,0
14114,"246  ","2460021","ｶﾅｶﾞﾜｹﾝ","ﾖｺﾊﾏｼｾﾔｸ","ﾌﾀﾂﾊﾞｼﾁｮｳ","神奈川県","横浜市瀬谷区","二ツ橋町",0,0,0,0,0,0
14114,"246  ","2460015","ｶﾅｶﾞﾜｹﾝ","ﾖｺﾊﾏｼｾﾔｸ","ﾎﾝｺﾞｳ","神奈川県","横浜市瀬谷区","本郷",0,0,1,0,0,0
14114,"246  ","2460022","ｶﾅｶﾞﾜｹﾝ","ﾖｺﾊﾏｼｾﾔｸ","ﾐﾂｷｮｳ","神奈川県","横浜市瀬谷区","三ツ境",0,0,0,0,0,0
14114,"246  ","2460034","ｶﾅｶﾞﾜｹﾝ","ﾖｺﾊﾏｼｾﾔｸ","ﾐﾅﾐｾﾔ","神奈川県","横浜市瀬谷区","南瀬谷",0,0,1,0,0,0
14114,"246  ","2460032","ｶﾅｶﾞﾜｹﾝ","ﾖｺﾊﾏｼｾﾔｸ","ﾐﾅﾐﾀﾞｲ","神奈川県","横浜市瀬谷区","南台",0,0,1,0,0,0
14114,"246  ","2460038","ｶﾅｶﾞﾜｹﾝ","ﾖｺﾊﾏｼｾﾔｸ","ﾐﾔｻﾞﾜ","神奈川県","横浜市瀬谷区","宮沢",0,0,1,0,0,0
14114,"246  ","2460007","ｶﾅｶﾞﾜｹﾝ","ﾖｺﾊﾏｼｾﾔｸ","ﾒｸﾞﾛﾁｮｳ","神奈川県","横浜市瀬谷区","目黒町",0,0,0,0,0,0
14115,"247  ","2470000","ｶﾅｶﾞﾜｹﾝ","ﾖｺﾊﾏｼｻｶｴｸ","ｲｶﾆｹｲｻｲｶﾞﾅｲﾊﾞｱｲ","神奈川県","横浜市栄区","以下に掲載がない場合",0,0,0,0,0,0
14115,"244  ","2440842","ｶﾅｶﾞﾜｹﾝ","ﾖｺﾊﾏｼｻｶｴｸ","ｲｲｼﾞﾏﾁｮｳ","神奈川県","横浜市栄区","飯島町",0,0,0,0,0,0
14115,"247  ","2470026","ｶﾅｶﾞﾜｹﾝ","ﾖｺﾊﾏｼｻｶｴｸ","ｲﾉﾔﾏﾁｮｳ","神奈川県","横浜市栄区","犬山町",0,0,0,0,0,0
14115,"247  ","2470027","ｶﾅｶﾞﾜｹﾝ","ﾖｺﾊﾏｼｻｶｴｸ","ｵﾂﾞｷ","神奈川県","横浜市栄区","尾月",0,0,0,0,0,0
14115,"247  ","2470006","ｶﾅｶﾞﾜｹﾝ","ﾖｺﾊﾏｼｻｶｴｸ","ｶｻﾏ","神奈川県","横浜市栄区","笠間",0,0,1,0,0,0
14115,"247  ","2470009","ｶﾅｶﾞﾜｹﾝ","ﾖｺﾊﾏｼｻｶｴｸ","ｶｼﾞｶﾞﾔ","神奈川県","横浜市栄区","鍛冶ケ谷",0,0,1,0,0,0
14115,"247  ","2470003","ｶﾅｶﾞﾜｹﾝ","ﾖｺﾊﾏｼｻｶｴｸ","ｶｼﾞｶﾞﾔﾁｮｳ","神奈川県","横浜市栄区","鍛冶ケ谷町",0,0,0,0,0,0
14115,"247  ","2470031","ｶﾅｶﾞﾜｹﾝ","ﾖｺﾊﾏｼｻｶｴｸ","ｶﾂﾗﾀﾞｲｷﾀ","神奈川県","横浜市栄区","桂台北",0,0,0,0,0,0
14115,"247  ","2470034","ｶﾅｶﾞﾜｹﾝ","ﾖｺﾊﾏｼｻｶｴｸ","ｶﾂﾗﾀﾞｲﾅｶ","神奈川県","横浜市栄区","桂台中",0,0,0,0,0,0
14115,"247  ","2470035","ｶﾅｶﾞﾜｹﾝ","ﾖｺﾊﾏｼｻｶｴｸ","ｶﾂﾗﾀﾞｲﾆｼ","神奈川県","横浜市栄区","桂台西",0,0,1,0,0,0
14115,"247  ","2470032","ｶﾅｶﾞﾜｹﾝ","ﾖｺﾊﾏｼｻｶｴｸ","ｶﾂﾗﾀﾞｲﾋｶﾞｼ","神奈川県","横浜市栄区","桂台東",0,0,0,0,0,0
14115,"247  ","2470033","ｶﾅｶﾞﾜｹﾝ","ﾖｺﾊﾏｼｻｶｴｸ","ｶﾂﾗﾀﾞｲﾐﾅﾐ","神奈川県","横浜市栄区","桂台南",0,0,1,0,0,0
14115,"247  ","2470005","ｶﾅｶﾞﾜｹﾝ","ﾖｺﾊﾏｼｻｶｴｸ","ｶﾂﾗﾁｮｳ","神奈川県","横浜市栄区","桂町",0,0,0,0,0,0
14115,"244  ","2440845","ｶﾅｶﾞﾜｹﾝ","ﾖｺﾊﾏｼｻｶｴｸ","ｶﾅｲﾁｮｳ","神奈川県","横浜市栄区","金井町",0,0,0,0,0,0
14115,"247  ","2470013","ｶﾅｶﾞﾜｹﾝ","ﾖｺﾊﾏｼｻｶｴｸ","ｶﾐｺﾞｳﾁｮｳ","神奈川県","横浜市栄区","上郷町",0,0,0,0,0,0
14115,"247  ","2470025","ｶﾅｶﾞﾜｹﾝ","ﾖｺﾊﾏｼｻｶｴｸ","ｶﾐﾉﾁｮｳ","神奈川県","横浜市栄区","上之町",0,0,0,0,0,0
14115,"247  ","2470028","ｶﾅｶﾞﾜｹﾝ","ﾖｺﾊﾏｼｻｶｴｸ","ｶﾒｲﾁｮｳ","神奈川県","横浜市栄区","亀井町",0,0,0,0,0,0
14115,"247  ","2470014","ｶﾅｶﾞﾜｹﾝ","ﾖｺﾊﾏｼｻｶｴｸ","ｸﾃﾞﾝﾁｮｳ","神奈川県","横浜市栄区","公田町",0,0,0,0,0,0
14115,"247  ","2470007","ｶﾅｶﾞﾜｹﾝ","ﾖｺﾊﾏｼｻｶｴｸ","ｺｽｶﾞﾔ","神奈川県","横浜市栄区","小菅ケ谷",0,0,1,0,0,0
14115,"247  ","2470001","ｶﾅｶﾞﾜｹﾝ","ﾖｺﾊﾏｼｻｶｴｸ","ｺｽｶﾞﾔﾁｮｳ","神奈川県","横浜市栄区","小菅ケ谷町",0,0,0,0,0,0
14115,"247  ","2470002","ｶﾅｶﾞﾜｹﾝ","ﾖｺﾊﾏｼｻｶｴｸ","ｺﾔﾏﾀﾞｲ","神奈川県","横浜市栄区","小山台",0,0,1,0,0,0
14115,"247  ","2470022","ｶﾅｶﾞﾜｹﾝ","ﾖｺﾊﾏｼｻｶｴｸ","ｼｮｳﾄﾞ","神奈川県","横浜市栄区","庄戸",0,0,1,0,0,0
14115,"244  ","2440844","ｶﾅｶﾞﾜｹﾝ","ﾖｺﾊﾏｼｻｶｴｸ","ﾀﾔﾁｮｳ","神奈川県","横浜市栄区","田谷町",0,0,0,0,0,0
14115,"247  ","2470015","ｶﾅｶﾞﾜｹﾝ","ﾖｺﾊﾏｼｻｶｴｸ","ﾅｶﾉﾁｮｳ","神奈川県","横浜市栄区","中野町",0,0,0,0,0,0
14115,"244  ","2440843","ｶﾅｶﾞﾜｹﾝ","ﾖｺﾊﾏｼｻｶｴｸ","ﾅｶﾞｵﾀﾞｲﾁｮｳ","神奈川県","横浜市栄区","長尾台町",0,0,0,0,0,0
14115,"247  ","2470023","ｶﾅｶﾞﾜｹﾝ","ﾖｺﾊﾏｼｻｶｴｸ","ﾅｶﾞｸﾗﾁｮｳ","神奈川県","横浜市栄区","長倉町",0,0,0,0,0,0
14115,"244  ","2440841","ｶﾅｶﾞﾜｹﾝ","ﾖｺﾊﾏｼｻｶｴｸ","ﾅｶﾞﾇﾏﾁｮｳ","神奈川県","横浜市栄区","長沼町",0,0,0,0,0,0
14115,"247  ","2470024","ｶﾅｶﾞﾜｹﾝ","ﾖｺﾊﾏｼｻｶｴｸ","ﾉｼﾁﾘ","神奈川県","横浜市栄区","野七里",0,0,1,0,0,0
14115,"247  ","2470004","ｶﾅｶﾞﾜｹﾝ","ﾖｺﾊﾏｼｻｶｴｸ","ﾊｸﾖｳ","神奈川県","横浜市栄区","柏陽",0,0,0,0,0,0
14115,"247  ","2470021","ｶﾅｶﾞﾜｹﾝ","ﾖｺﾊﾏｼｻｶｴｸ","ﾋｶﾞｼｶﾐｺﾞｳﾁｮｳ","神奈川県","横浜市栄区","東上郷町",0,0,0,0,0,0
14115,"247  ","2470008","ｶﾅｶﾞﾜｹﾝ","ﾖｺﾊﾏｼｻｶｴｸ","ﾎﾝｺﾞｳﾀﾞｲ","神奈川県","横浜市栄区","本郷台",0,0,1,0,0,0
14115,"247  ","2470011","ｶﾅｶﾞﾜｹﾝ","ﾖｺﾊﾏｼｻｶｴｸ","ﾓﾄｵｵﾊｼ","神奈川県","横浜市栄区","元大橋",0,0,1,0,0,0
14115,"247  ","2470012","ｶﾅｶﾞﾜｹﾝ","ﾖｺﾊﾏｼｻｶｴｸ","ﾜｶﾀｹﾁｮｳ","神奈川県","横浜市栄区","若竹町",0,0,0,0,0,0
14116,"245  ","2450000","ｶﾅｶﾞﾜｹﾝ","ﾖｺﾊﾏｼｲｽﾞﾐｸ","ｲｶﾆｹｲｻｲｶﾞﾅｲﾊﾞｱｲ","神奈川県","横浜市泉区","以下に掲載がない場合",0,0,0,0,0,0
14116,"245  ","2450001","ｶﾅｶﾞﾜｹﾝ","ﾖｺﾊﾏｼｲｽﾞﾐｸ","ｲｹﾉﾀﾆ","神奈川県","横浜市泉区","池の谷",0,0,0,0,0,0
14116,"245  ","2450022","ｶﾅｶﾞﾜｹﾝ","ﾖｺﾊﾏｼｲｽﾞﾐｸ","ｲｽﾞﾐｶﾞｵｶ","神奈川県","横浜市泉区","和泉が丘",0,0,1,0,0,0
14116,"245  ","2450023","ｶﾅｶﾞﾜｹﾝ","ﾖｺﾊﾏｼｲｽﾞﾐｸ","ｲｽﾞﾐﾁｭｳｵｳﾐﾅﾐ","神奈川県","横浜市泉区","和泉中央南",0,0,1,0,0,0
14116,"245  ","2450016","ｶﾅｶﾞﾜｹﾝ","ﾖｺﾊﾏｼｲｽﾞﾐｸ","ｲｽﾞﾐﾁｮｳ","神奈川県","横浜市泉区","和泉町",0,0,0,0,0,0
14116,"245  ","2450003","ｶﾅｶﾞﾜｹﾝ","ﾖｺﾊﾏｼｲｽﾞﾐｸ","ｵｶﾂﾞﾁｮｳ","神奈川県","横浜市泉区","岡津町",0,0,0,0,0,0
14116,"245  ","2450007","ｶﾅｶﾞﾜｹﾝ","ﾖｺﾊﾏｼｲｽﾞﾐｸ","ｶﾂﾗｻﾞｶ","神奈川県","横浜市泉区","桂坂",0,0,0,0,0,0
14116,"245  ","2450018","ｶﾅｶﾞﾜｹﾝ","ﾖｺﾊﾏｼｲｽﾞﾐｸ","ｶﾐｲｲﾀﾞﾁｮｳ","神奈川県","横浜市泉区","上飯田町",0,0,0,0,0,0
14116,"245  ","2450017","ｶﾅｶﾞﾜｹﾝ","ﾖｺﾊﾏｼｲｽﾞﾐｸ","ｼﾓｲｲﾀﾞﾁｮｳ","神奈川県","横浜市泉区","下飯田町",0,0,0,0,0,0
14116,"245  ","2450021","ｶﾅｶﾞﾜｹﾝ","ﾖｺﾊﾏｼｲｽﾞﾐｸ","ｼﾓｲｽﾞﾐ","神奈川県","横浜市泉区","下和泉",0,0,1,0,0,0
14116,"245  ","2450005","ｶﾅｶﾞﾜｹﾝ","ﾖｺﾊﾏｼｲｽﾞﾐｸ","ｼﾗﾕﾘ","神奈川県","横浜市泉区","白百合",0,0,1,0,0,0
14116,"245  ","2450009","ｶﾅｶﾞﾜｹﾝ","ﾖｺﾊﾏｼｲｽﾞﾐｸ","ｼﾝﾊﾞｼﾁｮｳ","神奈川県","横浜市泉区","新橋町",0,0,0,0,0,0
14116,"245  ","2450011","ｶﾅｶﾞﾜｹﾝ","ﾖｺﾊﾏｼｲｽﾞﾐｸ","ﾅｶﾀﾁｮｳ","神奈川県","横浜市泉区","中田町",0,0,0,0,0,0
14116,"245  ","2450013","ｶﾅｶﾞﾜｹﾝ","ﾖｺﾊﾏｼｲｽﾞﾐｸ","ﾅｶﾀﾋｶﾞｼ","神奈川県","横浜市泉区","中田東",0,0,0,0,0,0
14116,"245  ","2450015","ｶﾅｶﾞﾜｹﾝ","ﾖｺﾊﾏｼｲｽﾞﾐｸ","ﾅｶﾀﾆｼ","神奈川県","横浜市泉区","中田西",0,0,0,0,0,0
14116,"245  ","2450014","ｶﾅｶﾞﾜｹﾝ","ﾖｺﾊﾏｼｲｽﾞﾐｸ","ﾅｶﾀﾐﾅﾐ","神奈川県","横浜市泉区","中田南",0,0,0,0,0,0
14116,"245  ","2450012","ｶﾅｶﾞﾜｹﾝ","ﾖｺﾊﾏｼｲｽﾞﾐｸ","ﾅｶﾀｷﾀ","神奈川県","横浜市泉区","中田北",0,0,0,0,0,0
14116,"245  ","2450006","ｶﾅｶﾞﾜｹﾝ","ﾖｺﾊﾏｼｲｽﾞﾐｸ","ﾆｼｶﾞｵｶ","神奈川県","横浜市泉区","西が岡",0,0,1,0,0,0
14116,"245  ","2450008","ｶﾅｶﾞﾜｹﾝ","ﾖｺﾊﾏｼｲｽﾞﾐｸ","ﾔﾖｲﾀﾞｲ","神奈川県","横浜市泉区","弥生台",0,0,0,0,0,0
14116,"245  ","2450004","ｶﾅｶﾞﾜｹﾝ","ﾖｺﾊﾏｼｲｽﾞﾐｸ","ﾘｮｳｹ","神奈川県","横浜市泉区","領家",0,0,1,0,0,0
14116,"245  ","2450002","ｶﾅｶﾞﾜｹﾝ","ﾖｺﾊﾏｼｲｽﾞﾐｸ","ﾘｮｸｴﾝ","神奈川県","横浜市泉区","緑園",0,0,1,0,0,0
14117,"227  ","2270000","ｶﾅｶﾞﾜｹﾝ","ﾖｺﾊﾏｼｱｵﾊﾞｸ","ｲｶﾆｹｲｻｲｶﾞﾅｲﾊﾞｱｲ","神奈川県","横浜市青葉区","以下に掲載がない場合",0,0,0,0,0,0
14117,"227  ","2270062","ｶﾅｶﾞﾜｹﾝ","ﾖｺﾊﾏｼｱｵﾊﾞｸ","ｱｵﾊﾞﾀﾞｲ","神奈川県","横浜市青葉区","青葉台",0,0,1,0,0,0
14117,"227  ","2270066","ｶﾅｶﾞﾜｹﾝ","ﾖｺﾊﾏｼｱｵﾊﾞｸ","ｱｶﾈﾀﾞｲ","神奈川県","横浜市青葉区","あかね台",0,0,1,0,0,0
14117,"225  ","2250011","ｶﾅｶﾞﾜｹﾝ","ﾖｺﾊﾏｼｱｵﾊﾞｸ","ｱｻﾞﾐﾉ","神奈川県","横浜市青葉区","あざみ野",0,0,1,0,0,0
14117,"225  ","2250012","ｶﾅｶﾞﾜｹﾝ","ﾖｺﾊﾏｼｱｵﾊﾞｸ","ｱｻﾞﾐﾉﾐﾅﾐ","神奈川県","横浜市青葉区","あざみ野南",0,0,1,0,0,0
14117,"225  ","2250024","ｶﾅｶﾞﾜｹﾝ","ﾖｺﾊﾏｼｱｵﾊﾞｸ","ｲﾁｶﾞｵﾁｮｳ","神奈川県","横浜市青葉区","市ケ尾町",0,0,0,0,0,0
14117,"225  ","2250002","ｶﾅｶﾞﾜｹﾝ","ﾖｺﾊﾏｼｱｵﾊﾞｸ","ｳﾂｸｼｶﾞｵｶ","神奈川県","横浜市青葉区","美しが丘",0,0,1,0,0,0
14117,"225  ","2250001","ｶﾅｶﾞﾜｹﾝ","ﾖｺﾊﾏｼｱｵﾊﾞｸ","ｳﾂｸｼｶﾞｵｶﾆｼ","神奈川県","横浜市青葉区","美しが丘西",0,0,1,0,0,0
14117,"227  ","2270052","ｶﾅｶﾞﾜｹﾝ","ﾖｺﾊﾏｼｱｵﾊﾞｸ","ｳﾒｶﾞｵｶ","神奈川県","横浜市青葉区","梅が丘",0,0,0,0,0,0
14117,"225  ","2250005","ｶﾅｶﾞﾜｹﾝ","ﾖｺﾊﾏｼｱｵﾊﾞｸ","ｴｺﾀﾞ","神奈川県","横浜市青葉区","荏子田",0,0,1,0,0,0
14117,"225  ","2250013","ｶﾅｶﾞﾜｹﾝ","ﾖｺﾊﾏｼｱｵﾊﾞｸ","ｴﾀﾞﾁｮｳ","神奈川県","横浜市青葉区","荏田町",0,0,0,0,0,0
14117,"225  ","2250014","ｶﾅｶﾞﾜｹﾝ","ﾖｺﾊﾏｼｱｵﾊﾞｸ","ｴﾀﾞﾆｼ","神奈川県","横浜市青葉区","荏田西",0,0,1,0,0,0
14117,"225  ","2250015","ｶﾅｶﾞﾜｹﾝ","ﾖｺﾊﾏｼｱｵﾊﾞｸ","ｴﾀﾞｷﾀ","神奈川県","横浜市青葉区","荏田北",0,0,1,0,0,0
14117,"227  ","2270063","ｶﾅｶﾞﾜｹﾝ","ﾖｺﾊﾏｼｱｵﾊﾞｸ","ｴﾉｷｶﾞｵｶ","神奈川県","横浜市青葉区","榎が丘",0,0,0,0,0,0
14117,"225  ","2250023","ｶﾅｶﾞﾜｹﾝ","ﾖｺﾊﾏｼｱｵﾊﾞｸ","ｵｵﾊﾞﾁｮｳ","神奈川県","横浜市青葉区","大場町",0,0,0,0,0,0
14117,"227  ","2270065","ｶﾅｶﾞﾜｹﾝ","ﾖｺﾊﾏｼｱｵﾊﾞｸ","ｵﾝﾀﾞﾁｮｳ","神奈川県","横浜市青葉区","恩田町",0,0,0,0,0,0
14117,"227  ","2270048","ｶﾅｶﾞﾜｹﾝ","ﾖｺﾊﾏｼｱｵﾊﾞｸ","ｶｷﾉｷﾀﾞｲ","神奈川県","横浜市青葉区","柿の木台",0,0,0,0,0,0
14117,"227  ","2270034","ｶﾅｶﾞﾜｹﾝ","ﾖｺﾊﾏｼｱｵﾊﾞｸ","ｶﾂﾗﾀﾞｲ","神奈川県","横浜市青葉区","桂台",0,0,1,0,0,0
14117,"227  ","2270041","ｶﾅｶﾞﾜｹﾝ","ﾖｺﾊﾏｼｱｵﾊﾞｸ","ｶﾐﾔﾓﾄﾁｮｳ","神奈川県","横浜市青葉区","上谷本町",0,0,0,0,0,0
14117,"227  ","2270033","ｶﾅｶﾞﾜｹﾝ","ﾖｺﾊﾏｼｱｵﾊﾞｸ","ｶﾓｼﾀﾞﾁｮｳ","神奈川県","横浜市青葉区","鴨志田町",0,0,0,0,0,0
14117,"225  ","2250025","ｶﾅｶﾞﾜｹﾝ","ﾖｺﾊﾏｼｱｵﾊﾞｸ","ｸﾛｶﾞﾈﾁｮｳ","神奈川県","横浜市青葉区","鉄町",0,0,0,0,0,0
14117,"225  ","2250022","ｶﾅｶﾞﾜｹﾝ","ﾖｺﾊﾏｼｱｵﾊﾞｸ","ｸﾛｽﾀﾞ","神奈川県","横浜市青葉区","黒須田",0,0,0,0,0,0
14117,"227  ","2270061","ｶﾅｶﾞﾜｹﾝ","ﾖｺﾊﾏｼｱｵﾊﾞｸ","ｻｸﾗﾀﾞｲ","神奈川県","横浜市青葉区","桜台",0,0,0,0,0,0
14117,"227  ","2270053","ｶﾅｶﾞﾜｹﾝ","ﾖｺﾊﾏｼｱｵﾊﾞｸ","ｻﾂｷｶﾞｵｶ","神奈川県","横浜市青葉区","さつきが丘",0,0,0,0,0,0
14117,"227  ","2270031","ｶﾅｶﾞﾜｹﾝ","ﾖｺﾊﾏｼｱｵﾊﾞｸ","ｼﾞｹﾁｮｳ","神奈川県","横浜市青葉区","寺家町",0,0,0,0,0,0
14117,"227  ","2270042","ｶﾅｶﾞﾜｹﾝ","ﾖｺﾊﾏｼｱｵﾊﾞｸ","ｼﾓﾔﾓﾄﾁｮｳ","神奈川県","横浜市青葉区","下谷本町",0,0,0,0,0,0
14117,"227  ","2270054","ｶﾅｶﾞﾜｹﾝ","ﾖｺﾊﾏｼｱｵﾊﾞｸ","ｼﾗﾄﾘﾀﾞｲ","神奈川県","横浜市青葉区","しらとり台",0,0,0,0,0,0
14117,"225  ","2250003","ｶﾅｶﾞﾜｹﾝ","ﾖｺﾊﾏｼｱｵﾊﾞｸ","ｼﾝｲｼｶﾜ","神奈川県","横浜市青葉区","新石川",0,0,1,0,0,0
14117,"225  ","2250021","ｶﾅｶﾞﾜｹﾝ","ﾖｺﾊﾏｼｱｵﾊﾞｸ","ｽｽｷﾉ","神奈川県","横浜市青葉区","すすき野",0,0,1,0,0,0
14117,"227  ","2270035","ｶﾅｶﾞﾜｹﾝ","ﾖｺﾊﾏｼｱｵﾊﾞｸ","ｽﾐﾖｼﾀﾞｲ","神奈川県","横浜市青葉区","すみよし台",0,0,0,0,0,0
14117,"227  ","2270046","ｶﾅｶﾞﾜｹﾝ","ﾖｺﾊﾏｼｱｵﾊﾞｸ","ﾀﾁﾊﾞﾅﾀﾞｲ","神奈川県","横浜市青葉区","たちばな台",0,0,1,0,0,0
14117,"227  ","2270064","ｶﾅｶﾞﾜｹﾝ","ﾖｺﾊﾏｼｱｵﾊﾞｸ","ﾀﾅﾁｮｳ","神奈川県","横浜市青葉区","田奈町",0,0,0,0,0,0
14117,"227  ","2270051","ｶﾅｶﾞﾜｹﾝ","ﾖｺﾊﾏｼｱｵﾊﾞｸ","ﾁｸﾞｻﾀﾞｲ","神奈川県","横浜市青葉区","千草台",0,0,0,0,0,0
14117,"227  ","2270055","ｶﾅｶﾞﾜｹﾝ","ﾖｺﾊﾏｼｱｵﾊﾞｸ","ﾂﾂｼﾞｶﾞｵｶ","神奈川県","横浜市青葉区","つつじが丘",0,0,0,0,0,0
14117,"227  ","2270038","ｶﾅｶﾞﾜｹﾝ","ﾖｺﾊﾏｼｱｵﾊﾞｸ","ﾅﾗ","神奈川県","横浜市青葉区","奈良",0,0,1,0,0,0
14117,"227  ","2270036","ｶﾅｶﾞﾜｹﾝ","ﾖｺﾊﾏｼｱｵﾊﾞｸ","ﾅﾗﾁｮｳ","神奈川県","横浜市青葉区","奈良町",0,0,0,0,0,0
14117,"227  ","2270032","ｶﾅｶﾞﾜｹﾝ","ﾖｺﾊﾏｼｱｵﾊﾞｸ","ﾅﾘｱｲﾁｮｳ","神奈川県","横浜市青葉区","成合町",0,0,0,0,0,0
14117,"227  ","2270043","ｶﾅｶﾞﾜｹﾝ","ﾖｺﾊﾏｼｱｵﾊﾞｸ","ﾌｼﾞｶﾞｵｶ","神奈川県","横浜市青葉区","藤が丘",0,0,1,0,0,0
14117,"227  ","2270067","ｶﾅｶﾞﾜｹﾝ","ﾖｺﾊﾏｼｱｵﾊﾞｸ","ﾏﾂｶｾﾞﾀﾞｲ","神奈川県","横浜市青葉区","松風台",0,0,0,0,0,0
14117,"225  ","2250016","ｶﾅｶﾞﾜｹﾝ","ﾖｺﾊﾏｼｱｵﾊﾞｸ","ﾐｽｽﾞｶﾞｵｶ","神奈川県","横浜市青葉区","みすずが丘",0,0,0,0,0,0
14117,"227  ","2270047","ｶﾅｶﾞﾜｹﾝ","ﾖｺﾊﾏｼｱｵﾊﾞｸ","ﾐﾀｹﾀﾞｲ","神奈川県","横浜市青葉区","みたけ台",0,0,0,0,0,0
14117,"227  ","2270037","ｶﾅｶﾞﾜｹﾝ","ﾖｺﾊﾏｼｱｵﾊﾞｸ","ﾐﾄﾞﾘﾔﾏ","神奈川県","横浜市青葉区","緑山",0,0,0,0,0,0
14117,"227  ","2270044","ｶﾅｶﾞﾜｹﾝ","ﾖｺﾊﾏｼｱｵﾊﾞｸ","ﾓｴｷﾞﾉ","神奈川県","横浜市青葉区","もえぎ野",0,0,0,0,0,0
14117,"225  ","2250004","ｶﾅｶﾞﾜｹﾝ","ﾖｺﾊﾏｼｱｵﾊﾞｸ","ﾓﾄｲｼｶﾜﾁｮｳ","神奈川県","横浜市青葉区","元石川町",0,0,0,0,0,0
14117,"225  ","2250026","ｶﾅｶﾞﾜｹﾝ","ﾖｺﾊﾏｼｱｵﾊﾞｸ","ﾓﾐﾉｷﾀﾞｲ","神奈川県","横浜市青葉区","もみの木台",0,0,0,0,0,0
14117,"227  ","2270045","ｶﾅｶﾞﾜｹﾝ","ﾖｺﾊﾏｼｱｵﾊﾞｸ","ﾜｶｸｻﾀﾞｲ","神奈川県","横浜市青葉区","若草台",0,0,0,0,0,0
14118,"224  ","2240000","ｶﾅｶﾞﾜｹﾝ","ﾖｺﾊﾏｼﾂﾂﾞｷｸ","ｲｶﾆｹｲｻｲｶﾞﾅｲﾊﾞｱｲ","神奈川県","横浜市都筑区","以下に掲載がない場合",0,0,0,0,0,0
14118,"224  ","2240016","ｶﾅｶﾞﾜｹﾝ","ﾖｺﾊﾏｼﾂﾂﾞｷｸ","ｱﾕﾐｶﾞｵｶ","神奈川県","横浜市都筑区","あゆみが丘",0,0,0,0,0,0
14118,"224  ","2240053","ｶﾅｶﾞﾜｹﾝ","ﾖｺﾊﾏｼﾂﾂﾞｷｸ","ｲｺﾉﾍﾞﾁｮｳ","神奈川県","横浜市都筑区","池辺町",0,0,0,0,0,0
14118,"224  ","2240012","ｶﾅｶﾞﾜｹﾝ","ﾖｺﾊﾏｼﾂﾂﾞｷｸ","ｳｼｸﾎﾞ","神奈川県","横浜市都筑区","牛久保",0,0,1,0,0,0
14118,"224  ","2240011","ｶﾅｶﾞﾜｹﾝ","ﾖｺﾊﾏｼﾂﾂﾞｷｸ","ｳｼｸﾎﾞﾁｮｳ","神奈川県","横浜市都筑区","牛久保町",0,0,0,0,0,0
14118,"224  ","2240014","ｶﾅｶﾞﾜｹﾝ","ﾖｺﾊﾏｼﾂﾂﾞｷｸ","ｳｼｸﾎﾞﾋｶﾞｼ","神奈川県","横浜市都筑区","牛久保東",0,0,1,0,0,0
14118,"224  ","2240015","ｶﾅｶﾞﾜｹﾝ","ﾖｺﾊﾏｼﾂﾂﾞｷｸ","ｳｼｸﾎﾞﾆｼ","神奈川県","横浜市都筑区","牛久保西",0,0,1,0,0,0
14118,"224  ","2240004","ｶﾅｶﾞﾜｹﾝ","ﾖｺﾊﾏｼﾂﾂﾞｷｸ","ｴﾀﾞﾋｶﾞｼﾁｮｳ","神奈川県","横浜市都筑区","荏田東町",0,0,0,0,0,0
14118,"224  ","2240008","ｶﾅｶﾞﾜｹﾝ","ﾖｺﾊﾏｼﾂﾂﾞｷｸ","ｴﾀﾞﾐﾅﾐﾁｮｳ","神奈川県","横浜市都筑区","荏田南町",0,0,0,0,0,0
14118,"224  ","2240006","ｶﾅｶﾞﾜｹﾝ","ﾖｺﾊﾏｼﾂﾂﾞｷｸ","ｴﾀﾞﾋｶﾞｼ","神奈川県","横浜市都筑区","荏田東",0,0,1,0,0,0
14118,"224  ","2240007","ｶﾅｶﾞﾜｹﾝ","ﾖｺﾊﾏｼﾂﾂﾞｷｸ","ｴﾀﾞﾐﾅﾐ","神奈川県","横浜市都筑区","荏田南",0,0,1,0,0,0
14118,"224  ","2240042","ｶﾅｶﾞﾜｹﾝ","ﾖｺﾊﾏｼﾂﾂﾞｷｸ","ｵｵｸﾏﾁｮｳ","神奈川県","横浜市都筑区","大熊町",0,0,0,0,0,0
14118,"224  ","2240028","ｶﾅｶﾞﾜｹﾝ","ﾖｺﾊﾏｼﾂﾂﾞｷｸ","ｵｵﾀﾞﾅﾆｼ","神奈川県","横浜市都筑区","大棚西",0,0,0,0,0,0
14118,"224  ","2240027","ｶﾅｶﾞﾜｹﾝ","ﾖｺﾊﾏｼﾂﾂﾞｷｸ","ｵｵﾀﾞﾅﾁｮｳ","神奈川県","横浜市都筑区","大棚町",0,0,0,0,0,0
14118,"224  ","2240061","ｶﾅｶﾞﾜｹﾝ","ﾖｺﾊﾏｼﾂﾂﾞｷｸ","ｵｵﾏﾙ","神奈川県","横浜市都筑区","大丸",0,0,0,0,0,0
14118,"224  ","2240043","ｶﾅｶﾞﾜｹﾝ","ﾖｺﾊﾏｼﾂﾂﾞｷｸ","ｵﾘﾓﾄﾁｮｳ","神奈川県","横浜市都筑区","折本町",0,0,0,0,0,0
14118,"224  ","2240055","ｶﾅｶﾞﾜｹﾝ","ﾖｺﾊﾏｼﾂﾂﾞｷｸ","ｶｶﾞﾊﾗ","神奈川県","横浜市都筑区","加賀原",0,0,1,0,0,0
14118,"224  ","2240034","ｶﾅｶﾞﾜｹﾝ","ﾖｺﾊﾏｼﾂﾂﾞｷｸ","ｶﾁﾀﾞﾁｮｳ","神奈川県","横浜市都筑区","勝田町",0,0,0,0,0,0
14118,"224  ","2240036","ｶﾅｶﾞﾜｹﾝ","ﾖｺﾊﾏｼﾂﾂﾞｷｸ","ｶﾁﾀﾞﾐﾅﾐ","神奈川県","横浜市都筑区","勝田南",0,0,1,0,0,0
14118,"224  ","2240044","ｶﾅｶﾞﾜｹﾝ","ﾖｺﾊﾏｼﾂﾂﾞｷｸ","ｶﾜﾑｺｳﾁｮｳ","神奈川県","横浜市都筑区","川向町",0,0,0,0,0,0
14118,"224  ","2240056","ｶﾅｶﾞﾜｹﾝ","ﾖｺﾊﾏｼﾂﾂﾞｷｸ","ｶﾜﾜﾀﾞｲ","神奈川県","横浜市都筑区","川和台",0,0,0,0,0,0
14118,"224  ","2240057","ｶﾅｶﾞﾜｹﾝ","ﾖｺﾊﾏｼﾂﾂﾞｷｸ","ｶﾜﾜﾁｮｳ","神奈川県","横浜市都筑区","川和町",0,0,0,0,0,0
14118,"224  ","2240021","ｶﾅｶﾞﾜｹﾝ","ﾖｺﾊﾏｼﾂﾂﾞｷｸ","ｷﾀﾔﾏﾀ","神奈川県","横浜市都筑区","北山田",0,0,1,0,0,0
14118,"224  ","2240062","ｶﾅｶﾞﾜｹﾝ","ﾖｺﾊﾏｼﾂﾂﾞｷｸ","ｸｽﾞｶﾞﾔ","神奈川県","横浜市都筑区","葛が谷",0,0,0,0,0,0
14118,"224  ","2240054","ｶﾅｶﾞﾜｹﾝ","ﾖｺﾊﾏｼﾂﾂﾞｷｸ","ｻｴﾄﾞﾁｮｳ","神奈川県","横浜市都筑区","佐江戸町",0,0,0,0,0,0
14118,"224  ","2240046","ｶﾅｶﾞﾜｹﾝ","ﾖｺﾊﾏｼﾂﾂﾞｷｸ","ｻｸﾗﾅﾐｷ","神奈川県","横浜市都筑区","桜並木",0,0,0,0,0,0
14118,"224  ","2240035","ｶﾅｶﾞﾜｹﾝ","ﾖｺﾊﾏｼﾂﾂﾞｷｸ","ｼﾝｴｲﾁｮｳ","神奈川県","横浜市都筑区","新栄町",0,0,0,0,0,0
14118,"224  ","2240013","ｶﾅｶﾞﾜｹﾝ","ﾖｺﾊﾏｼﾂﾂﾞｷｸ","ｽﾐﾚｶﾞｵｶ","神奈川県","横浜市都筑区","すみれが丘",0,0,0,0,0,0
14118,"224  ","2240065","ｶﾅｶﾞﾜｹﾝ","ﾖｺﾊﾏｼﾂﾂﾞｷｸ","ﾀｶﾔﾏ","神奈川県","横浜市都筑区","高山",0,0,0,0,0,0
14118,"224  ","2240032","ｶﾅｶﾞﾜｹﾝ","ﾖｺﾊﾏｼﾂﾂﾞｷｸ","ﾁｶﾞｻｷﾁｭｳｵｳ","神奈川県","横浜市都筑区","茅ケ崎中央",0,0,0,0,0,0
14118,"224  ","2240031","ｶﾅｶﾞﾜｹﾝ","ﾖｺﾊﾏｼﾂﾂﾞｷｸ","ﾁｶﾞｻｷﾁｮｳ","神奈川県","横浜市都筑区","茅ケ崎町",0,0,0,0,0,0
14118,"224  ","2240033","ｶﾅｶﾞﾜｹﾝ","ﾖｺﾊﾏｼﾂﾂﾞｷｸ","ﾁｶﾞｻｷﾋｶﾞｼ","神奈川県","横浜市都筑区","茅ケ崎東",0,0,1,0,0,0
14118,"224  ","2240037","ｶﾅｶﾞﾜｹﾝ","ﾖｺﾊﾏｼﾂﾂﾞｷｸ","ﾁｶﾞｻｷﾐﾅﾐ","神奈川県","横浜市都筑区","茅ケ崎南",0,0,1,0,0,0
14118,"224  ","2240001","ｶﾅｶﾞﾜｹﾝ","ﾖｺﾊﾏｼﾂﾂﾞｷｸ","ﾅｶｶﾞﾜ","神奈川県","横浜市都筑区","中川",0,0,1,0,0,0
14118,"224  ","2240003","ｶﾅｶﾞﾜｹﾝ","ﾖｺﾊﾏｼﾂﾂﾞｷｸ","ﾅｶｶﾞﾜﾁｭｳｵｳ","神奈川県","横浜市都筑区","中川中央",0,0,1,0,0,0
14118,"224  ","2240041","ｶﾅｶﾞﾜｹﾝ","ﾖｺﾊﾏｼﾂﾂﾞｷｸ","ﾅｶﾏﾁﾀﾞｲ","神奈川県","横浜市都筑区","仲町台",0,0,1,0,0,0
14118,"224  ","2240063","ｶﾅｶﾞﾜｹﾝ","ﾖｺﾊﾏｼﾂﾂﾞｷｸ","ﾅｶﾞｻｶ","神奈川県","横浜市都筑区","長坂",0,0,0,0,0,0
14118,"224  ","2240052","ｶﾅｶﾞﾜｹﾝ","ﾖｺﾊﾏｼﾂﾂﾞｷｸ","ﾆﾉﾏﾙ","神奈川県","横浜市都筑区","二の丸",0,0,0,0,0,0
14118,"224  ","2240025","ｶﾅｶﾞﾜｹﾝ","ﾖｺﾊﾏｼﾂﾂﾞｷｸ","ﾊﾔﾌﾞﾁ","神奈川県","横浜市都筑区","早渕",0,0,1,0,0,0
14118,"224  ","2240045","ｶﾅｶﾞﾜｹﾝ","ﾖｺﾊﾏｼﾂﾂﾞｷｸ","ﾋｶﾞｼｶﾀﾁｮｳ","神奈川県","横浜市都筑区","東方町",0,0,0,0,0,0
14118,"224  ","2240023","ｶﾅｶﾞﾜｹﾝ","ﾖｺﾊﾏｼﾂﾂﾞｷｸ","ﾋｶﾞｼﾔﾏﾀ","神奈川県","横浜市都筑区","東山田",0,0,1,0,0,0
14118,"224  ","2240024","ｶﾅｶﾞﾜｹﾝ","ﾖｺﾊﾏｼﾂﾂﾞｷｸ","ﾋｶﾞｼﾔﾏﾀﾁｮｳ","神奈川県","横浜市都筑区","東山田町",0,0,0,0,0,0
14118,"224  ","2240064","ｶﾅｶﾞﾜｹﾝ","ﾖｺﾊﾏｼﾂﾂﾞｷｸ","ﾋﾗﾀﾞｲ","神奈川県","横浜市都筑区","平台",0,0,0,0,0,0
14118,"224  ","2240051","ｶﾅｶﾞﾜｹﾝ","ﾖｺﾊﾏｼﾂﾂﾞｷｸ","ﾌｼﾞﾐｶﾞｵｶ","神奈川県","横浜市都筑区","富士見が丘",0,0,0,0,0,0
14118,"224  ","2240029","ｶﾅｶﾞﾜｹﾝ","ﾖｺﾊﾏｼﾂﾂﾞｷｸ","ﾐﾅﾐﾔﾏﾀ","神奈川県","横浜市都筑区","南山田",0,0,1,0,0,0
14118,"224  ","2240026","ｶﾅｶﾞﾜｹﾝ","ﾖｺﾊﾏｼﾂﾂﾞｷｸ","ﾐﾅﾐﾔﾏﾀﾁｮｳ","神奈川県","横浜市都筑区","南山田町",0,0,0,0,0,0
14118,"224  ","2240066","ｶﾅｶﾞﾜｹﾝ","ﾖｺﾊﾏｼﾂﾂﾞｷｸ","ﾐﾊﾅﾔﾏ","神奈川県","横浜市都筑区","見花山",0,0,0,0,0,0
